,instance,candName,targName,conf,realConf
0,"1, comaInst",assay_id,ASSI,0.30317435,1
1,"1, comaInst",assay_id,CUB,0.0,0
2,"1, comaInst",assay_id,ASSUBCELFRAC,0.0,0
3,"1, comaInst",assay_id,ASTI,0.0,0
4,"1, comaInst",assay_id,TISI,0.0,0
5,"1, comaInst",assay_id,Desc,0.0,0
6,"1, comaInst",assay_id,Ti,0.0,0
7,"1, comaInst",assay_id,ASORG,0.0,0
8,"1, comaInst",assay_id,DI,0.0,0
9,"1, comaInst",assay_id,BAFO,0.0,0
10,"1, comaInst",assay_id,ASSST,0.0,0
11,"1, comaInst",assay_id,CONFISC,0.0,0
12,"1, comaInst",assay_id,SI,0.0,0
13,"1, comaInst",assay_id,SASI,0.0,0
14,"1, comaInst",assay_id,CHEI,0.0,0
15,"1, comaInst",assay_id,CI,0.0,0
16,"1, comaInst",assay_id,VARI,0.0,0
17,"1, comaInst",curated_by,ASSI,0.0,0
18,"1, comaInst",curated_by,CUB,0.4321405,1
19,"1, comaInst",curated_by,ASSUBCELFRAC,0.0,0
20,"1, comaInst",curated_by,ASTI,0.0,0
21,"1, comaInst",curated_by,TISI,0.0,0
22,"1, comaInst",curated_by,Desc,0.0,0
23,"1, comaInst",curated_by,Ti,0.0,0
24,"1, comaInst",curated_by,ASORG,0.0,0
25,"1, comaInst",curated_by,DI,0.0,0
26,"1, comaInst",curated_by,BAFO,0.0,0
27,"1, comaInst",curated_by,ASSST,0.0,0
28,"1, comaInst",curated_by,CONFISC,0.0,0
29,"1, comaInst",curated_by,SI,0.0,0
30,"1, comaInst",curated_by,SASI,0.0,0
31,"1, comaInst",curated_by,CHEI,0.0,0
32,"1, comaInst",curated_by,CI,0.0,0
33,"1, comaInst",curated_by,VARI,0.0,0
34,"1, comaInst",assay_subcellular_fraction,ASSI,0.0,0
35,"1, comaInst",assay_subcellular_fraction,CUB,0.0,0
36,"1, comaInst",assay_subcellular_fraction,ASSUBCELFRAC,0.48244494,1
37,"1, comaInst",assay_subcellular_fraction,ASTI,0.0,0
38,"1, comaInst",assay_subcellular_fraction,TISI,0.0,0
39,"1, comaInst",assay_subcellular_fraction,Desc,0.0,0
40,"1, comaInst",assay_subcellular_fraction,Ti,0.0,0
41,"1, comaInst",assay_subcellular_fraction,ASORG,0.0,0
42,"1, comaInst",assay_subcellular_fraction,DI,0.0,0
43,"1, comaInst",assay_subcellular_fraction,BAFO,0.0,0
44,"1, comaInst",assay_subcellular_fraction,ASSST,0.0,0
45,"1, comaInst",assay_subcellular_fraction,CONFISC,0.0,0
46,"1, comaInst",assay_subcellular_fraction,SI,0.0,0
47,"1, comaInst",assay_subcellular_fraction,SASI,0.0,0
48,"1, comaInst",assay_subcellular_fraction,CHEI,0.0,0
49,"1, comaInst",assay_subcellular_fraction,CI,0.0,0
50,"1, comaInst",assay_subcellular_fraction,VARI,0.0,0
51,"1, comaInst",assay_tissue,ASSI,0.0,0
52,"1, comaInst",assay_tissue,CUB,0.0,0
53,"1, comaInst",assay_tissue,ASSUBCELFRAC,0.0,0
54,"1, comaInst",assay_tissue,ASTI,0.266509,1
55,"1, comaInst",assay_tissue,TISI,0.0,0
56,"1, comaInst",assay_tissue,Desc,0.0,0
57,"1, comaInst",assay_tissue,Ti,0.0,0
58,"1, comaInst",assay_tissue,ASORG,0.0,0
59,"1, comaInst",assay_tissue,DI,0.0,0
60,"1, comaInst",assay_tissue,BAFO,0.0,0
61,"1, comaInst",assay_tissue,ASSST,0.0,0
62,"1, comaInst",assay_tissue,CONFISC,0.0,0
63,"1, comaInst",assay_tissue,SI,0.0,0
64,"1, comaInst",assay_tissue,SASI,0.0,0
65,"1, comaInst",assay_tissue,CHEI,0.0,0
66,"1, comaInst",assay_tissue,CI,0.0,0
67,"1, comaInst",assay_tissue,VARI,0.0,0
68,"1, comaInst",tissue_id,ASSI,0.0,0
69,"1, comaInst",tissue_id,CUB,0.0,0
70,"1, comaInst",tissue_id,ASSUBCELFRAC,0.0,0
71,"1, comaInst",tissue_id,ASTI,0.0,0
72,"1, comaInst",tissue_id,TISI,0.34579036,1
73,"1, comaInst",tissue_id,Desc,0.0,0
74,"1, comaInst",tissue_id,Ti,0.0,0
75,"1, comaInst",tissue_id,ASORG,0.0,0
76,"1, comaInst",tissue_id,DI,0.0,0
77,"1, comaInst",tissue_id,BAFO,0.0,0
78,"1, comaInst",tissue_id,ASSST,0.0,0
79,"1, comaInst",tissue_id,CONFISC,0.0,0
80,"1, comaInst",tissue_id,SI,0.0,0
81,"1, comaInst",tissue_id,SASI,0.0,0
82,"1, comaInst",tissue_id,CHEI,0.0,0
83,"1, comaInst",tissue_id,CI,0.0,0
84,"1, comaInst",tissue_id,VARI,0.0,0
85,"1, comaInst",description,ASSI,0.0,0
86,"1, comaInst",description,CUB,0.0,0
87,"1, comaInst",description,ASSUBCELFRAC,0.0,0
88,"1, comaInst",description,ASTI,0.0,0
89,"1, comaInst",description,TISI,0.0,0
90,"1, comaInst",description,Desc,0.3611156,1
91,"1, comaInst",description,Ti,0.0,0
92,"1, comaInst",description,ASORG,0.0,0
93,"1, comaInst",description,DI,0.0,0
94,"1, comaInst",description,BAFO,0.0,0
95,"1, comaInst",description,ASSST,0.0,0
96,"1, comaInst",description,CONFISC,0.0,0
97,"1, comaInst",description,SI,0.0,0
98,"1, comaInst",description,SASI,0.0,0
99,"1, comaInst",description,CHEI,0.0,0
100,"1, comaInst",description,CI,0.0,0
101,"1, comaInst",description,VARI,0.0,0
102,"1, comaInst",tid,ASSI,0.0,0
103,"1, comaInst",tid,CUB,0.0,0
104,"1, comaInst",tid,ASSUBCELFRAC,0.0,0
105,"1, comaInst",tid,ASTI,0.0,0
106,"1, comaInst",tid,TISI,0.0,0
107,"1, comaInst",tid,Desc,0.0,0
108,"1, comaInst",tid,Ti,0.36517435,1
109,"1, comaInst",tid,ASORG,0.0,0
110,"1, comaInst",tid,DI,0.0,0
111,"1, comaInst",tid,BAFO,0.0,0
112,"1, comaInst",tid,ASSST,0.0,0
113,"1, comaInst",tid,CONFISC,0.0,0
114,"1, comaInst",tid,SI,0.0,0
115,"1, comaInst",tid,SASI,0.0,0
116,"1, comaInst",tid,CHEI,0.0,0
117,"1, comaInst",tid,CI,0.0,0
118,"1, comaInst",tid,VARI,0.0,0
119,"1, comaInst",assay_organism,ASSI,0.0,0
120,"1, comaInst",assay_organism,CUB,0.0,0
121,"1, comaInst",assay_organism,ASSUBCELFRAC,0.0,0
122,"1, comaInst",assay_organism,ASTI,0.0,0
123,"1, comaInst",assay_organism,TISI,0.0,0
124,"1, comaInst",assay_organism,Desc,0.0,0
125,"1, comaInst",assay_organism,Ti,0.0,0
126,"1, comaInst",assay_organism,ASORG,0.3938953,1
127,"1, comaInst",assay_organism,DI,0.0,0
128,"1, comaInst",assay_organism,BAFO,0.0,0
129,"1, comaInst",assay_organism,ASSST,0.0,0
130,"1, comaInst",assay_organism,CONFISC,0.0,0
131,"1, comaInst",assay_organism,SI,0.0,0
132,"1, comaInst",assay_organism,SASI,0.0,0
133,"1, comaInst",assay_organism,CHEI,0.0,0
134,"1, comaInst",assay_organism,CI,0.0,0
135,"1, comaInst",assay_organism,VARI,0.0,0
136,"1, comaInst",doc_id,ASSI,0.0,0
137,"1, comaInst",doc_id,CUB,0.0,0
138,"1, comaInst",doc_id,ASSUBCELFRAC,0.0,0
139,"1, comaInst",doc_id,ASTI,0.0,0
140,"1, comaInst",doc_id,TISI,0.0,0
141,"1, comaInst",doc_id,Desc,0.0,0
142,"1, comaInst",doc_id,Ti,0.0,0
143,"1, comaInst",doc_id,ASORG,0.0,0
144,"1, comaInst",doc_id,DI,0.0,1
145,"1, comaInst",doc_id,BAFO,0.0,0
146,"1, comaInst",doc_id,ASSST,0.0,0
147,"1, comaInst",doc_id,CONFISC,0.0,0
148,"1, comaInst",doc_id,SI,0.0,0
149,"1, comaInst",doc_id,SASI,0.0,0
150,"1, comaInst",doc_id,CHEI,0.0,0
151,"1, comaInst",doc_id,CI,0.0,0
152,"1, comaInst",doc_id,VARI,0.0,0
153,"1, comaInst",bao_format,ASSI,0.0,0
154,"1, comaInst",bao_format,CUB,0.0,0
155,"1, comaInst",bao_format,ASSUBCELFRAC,0.0,0
156,"1, comaInst",bao_format,ASTI,0.0,0
157,"1, comaInst",bao_format,TISI,0.0,0
158,"1, comaInst",bao_format,Desc,0.0,0
159,"1, comaInst",bao_format,Ti,0.0,0
160,"1, comaInst",bao_format,ASORG,0.0,0
161,"1, comaInst",bao_format,DI,0.0,0
162,"1, comaInst",bao_format,BAFO,0.3653117,1
163,"1, comaInst",bao_format,ASSST,0.0,0
164,"1, comaInst",bao_format,CONFISC,0.0,0
165,"1, comaInst",bao_format,SI,0.0,0
166,"1, comaInst",bao_format,SASI,0.0,0
167,"1, comaInst",bao_format,CHEI,0.0,0
168,"1, comaInst",bao_format,CI,0.0,0
169,"1, comaInst",bao_format,VARI,0.0,0
170,"1, comaInst",assay_strain,ASSI,0.0,0
171,"1, comaInst",assay_strain,CUB,0.0,0
172,"1, comaInst",assay_strain,ASSUBCELFRAC,0.0,0
173,"1, comaInst",assay_strain,ASTI,0.0,0
174,"1, comaInst",assay_strain,TISI,0.0,0
175,"1, comaInst",assay_strain,Desc,0.0,0
176,"1, comaInst",assay_strain,Ti,0.0,0
177,"1, comaInst",assay_strain,ASORG,0.0,0
178,"1, comaInst",assay_strain,DI,0.0,0
179,"1, comaInst",assay_strain,BAFO,0.0,0
180,"1, comaInst",assay_strain,ASSST,0.0,1
181,"1, comaInst",assay_strain,CONFISC,0.0,0
182,"1, comaInst",assay_strain,SI,0.0,0
183,"1, comaInst",assay_strain,SASI,0.0,0
184,"1, comaInst",assay_strain,CHEI,0.0,0
185,"1, comaInst",assay_strain,CI,0.0,0
186,"1, comaInst",assay_strain,VARI,0.0,0
187,"1, comaInst",assay_type,ASSI,0.0,0
188,"1, comaInst",assay_type,CUB,0.0,0
189,"1, comaInst",assay_type,ASSUBCELFRAC,0.0,0
190,"1, comaInst",assay_type,ASTI,0.0,0
191,"1, comaInst",assay_type,TISI,0.0,0
192,"1, comaInst",assay_type,Desc,0.0,0
193,"1, comaInst",assay_type,Ti,0.0,0
194,"1, comaInst",assay_type,ASORG,0.0,0
195,"1, comaInst",assay_type,DI,0.0,0
196,"1, comaInst",assay_type,BAFO,0.0,0
197,"1, comaInst",assay_type,ASSST,0.0,0
198,"1, comaInst",assay_type,CONFISC,0.0,0
199,"1, comaInst",assay_type,SI,0.0,0
200,"1, comaInst",assay_type,SASI,0.0,0
201,"1, comaInst",assay_type,CHEI,0.0,0
202,"1, comaInst",assay_type,CI,0.0,0
203,"1, comaInst",assay_type,VARI,0.0,0
204,"1, comaInst",assay_test_type,ASSI,0.0,0
205,"1, comaInst",assay_test_type,CUB,0.0,0
206,"1, comaInst",assay_test_type,ASSUBCELFRAC,0.0,0
207,"1, comaInst",assay_test_type,ASTI,0.0,0
208,"1, comaInst",assay_test_type,TISI,0.0,0
209,"1, comaInst",assay_test_type,Desc,0.0,0
210,"1, comaInst",assay_test_type,Ti,0.0,0
211,"1, comaInst",assay_test_type,ASORG,0.0,0
212,"1, comaInst",assay_test_type,DI,0.0,0
213,"1, comaInst",assay_test_type,BAFO,0.0,0
214,"1, comaInst",assay_test_type,ASSST,0.0,0
215,"1, comaInst",assay_test_type,CONFISC,0.0,0
216,"1, comaInst",assay_test_type,SI,0.0,0
217,"1, comaInst",assay_test_type,SASI,0.0,0
218,"1, comaInst",assay_test_type,CHEI,0.0,0
219,"1, comaInst",assay_test_type,CI,0.0,0
220,"1, comaInst",assay_test_type,VARI,0.0,0
221,"1, comaInst",assay_category,ASSI,0.0,0
222,"1, comaInst",assay_category,CUB,0.0,0
223,"1, comaInst",assay_category,ASSUBCELFRAC,0.0,0
224,"1, comaInst",assay_category,ASTI,0.0,0
225,"1, comaInst",assay_category,TISI,0.0,0
226,"1, comaInst",assay_category,Desc,0.0,0
227,"1, comaInst",assay_category,Ti,0.0,0
228,"1, comaInst",assay_category,ASORG,0.0,0
229,"1, comaInst",assay_category,DI,0.0,0
230,"1, comaInst",assay_category,BAFO,0.0,0
231,"1, comaInst",assay_category,ASSST,0.0,0
232,"1, comaInst",assay_category,CONFISC,0.0,0
233,"1, comaInst",assay_category,SI,0.0,0
234,"1, comaInst",assay_category,SASI,0.0,0
235,"1, comaInst",assay_category,CHEI,0.0,0
236,"1, comaInst",assay_category,CI,0.0,0
237,"1, comaInst",assay_category,VARI,0.0,0
238,"1, comaInst",assay_tax_id,ASSI,0.0,0
239,"1, comaInst",assay_tax_id,CUB,0.0,0
240,"1, comaInst",assay_tax_id,ASSUBCELFRAC,0.0,0
241,"1, comaInst",assay_tax_id,ASTI,0.0,0
242,"1, comaInst",assay_tax_id,TISI,0.0,0
243,"1, comaInst",assay_tax_id,Desc,0.0,0
244,"1, comaInst",assay_tax_id,Ti,0.0,0
245,"1, comaInst",assay_tax_id,ASORG,0.0,0
246,"1, comaInst",assay_tax_id,DI,0.0,0
247,"1, comaInst",assay_tax_id,BAFO,0.0,0
248,"1, comaInst",assay_tax_id,ASSST,0.0,0
249,"1, comaInst",assay_tax_id,CONFISC,0.0,0
250,"1, comaInst",assay_tax_id,SI,0.0,0
251,"1, comaInst",assay_tax_id,SASI,0.0,0
252,"1, comaInst",assay_tax_id,CHEI,0.0,0
253,"1, comaInst",assay_tax_id,CI,0.0,0
254,"1, comaInst",assay_tax_id,VARI,0.0,0
255,"1, comaInst",assay_cell_type,ASSI,0.0,0
256,"1, comaInst",assay_cell_type,CUB,0.0,0
257,"1, comaInst",assay_cell_type,ASSUBCELFRAC,0.0,0
258,"1, comaInst",assay_cell_type,ASTI,0.0,0
259,"1, comaInst",assay_cell_type,TISI,0.0,0
260,"1, comaInst",assay_cell_type,Desc,0.0,0
261,"1, comaInst",assay_cell_type,Ti,0.0,0
262,"1, comaInst",assay_cell_type,ASORG,0.0,0
263,"1, comaInst",assay_cell_type,DI,0.0,0
264,"1, comaInst",assay_cell_type,BAFO,0.0,0
265,"1, comaInst",assay_cell_type,ASSST,0.0,0
266,"1, comaInst",assay_cell_type,CONFISC,0.0,0
267,"1, comaInst",assay_cell_type,SI,0.0,0
268,"1, comaInst",assay_cell_type,SASI,0.0,0
269,"1, comaInst",assay_cell_type,CHEI,0.0,0
270,"1, comaInst",assay_cell_type,CI,0.0,0
271,"1, comaInst",assay_cell_type,VARI,0.0,0
272,"1, comaInst",relationship_type,ASSI,0.0,0
273,"1, comaInst",relationship_type,CUB,0.0,0
274,"1, comaInst",relationship_type,ASSUBCELFRAC,0.0,0
275,"1, comaInst",relationship_type,ASTI,0.0,0
276,"1, comaInst",relationship_type,TISI,0.0,0
277,"1, comaInst",relationship_type,Desc,0.0,0
278,"1, comaInst",relationship_type,Ti,0.0,0
279,"1, comaInst",relationship_type,ASORG,0.0,0
280,"1, comaInst",relationship_type,DI,0.0,0
281,"1, comaInst",relationship_type,BAFO,0.0,0
282,"1, comaInst",relationship_type,ASSST,0.0,0
283,"1, comaInst",relationship_type,CONFISC,0.0,0
284,"1, comaInst",relationship_type,SI,0.0,0
285,"1, comaInst",relationship_type,SASI,0.0,0
286,"1, comaInst",relationship_type,CHEI,0.0,0
287,"1, comaInst",relationship_type,CI,0.0,0
288,"1, comaInst",relationship_type,VARI,0.0,0
289,"2, comaOpt",assay_id,ASSI,0.37896794,1
290,"2, comaOpt",assay_id,CUB,0.0,0
291,"2, comaOpt",assay_id,ASSUBCELFRAC,0.0,0
292,"2, comaOpt",assay_id,ASTI,0.0,0
293,"2, comaOpt",assay_id,TISI,0.0,0
294,"2, comaOpt",assay_id,Desc,0.0,0
295,"2, comaOpt",assay_id,Ti,0.0,0
296,"2, comaOpt",assay_id,ASORG,0.0,0
297,"2, comaOpt",assay_id,DI,0.0,0
298,"2, comaOpt",assay_id,BAFO,0.0,0
299,"2, comaOpt",assay_id,ASSST,0.0,0
300,"2, comaOpt",assay_id,CONFISC,0.0,0
301,"2, comaOpt",assay_id,SI,0.0,0
302,"2, comaOpt",assay_id,SASI,0.0,0
303,"2, comaOpt",assay_id,CHEI,0.0,0
304,"2, comaOpt",assay_id,CI,0.0,0
305,"2, comaOpt",assay_id,VARI,0.0,0
306,"2, comaOpt",curated_by,ASSI,0.0,0
307,"2, comaOpt",curated_by,CUB,0.29017562,1
308,"2, comaOpt",curated_by,ASSUBCELFRAC,0.0,0
309,"2, comaOpt",curated_by,ASTI,0.0,0
310,"2, comaOpt",curated_by,TISI,0.0,0
311,"2, comaOpt",curated_by,Desc,0.0,0
312,"2, comaOpt",curated_by,Ti,0.0,0
313,"2, comaOpt",curated_by,ASORG,0.0,0
314,"2, comaOpt",curated_by,DI,0.0,0
315,"2, comaOpt",curated_by,BAFO,0.0,0
316,"2, comaOpt",curated_by,ASSST,0.0,0
317,"2, comaOpt",curated_by,CONFISC,0.0,0
318,"2, comaOpt",curated_by,SI,0.0,0
319,"2, comaOpt",curated_by,SASI,0.0,0
320,"2, comaOpt",curated_by,CHEI,0.0,0
321,"2, comaOpt",curated_by,CI,0.0,0
322,"2, comaOpt",curated_by,VARI,0.0,0
323,"2, comaOpt",assay_subcellular_fraction,ASSI,0.0,0
324,"2, comaOpt",assay_subcellular_fraction,CUB,0.0,0
325,"2, comaOpt",assay_subcellular_fraction,ASSUBCELFRAC,0.4014433,1
326,"2, comaOpt",assay_subcellular_fraction,ASTI,0.0,0
327,"2, comaOpt",assay_subcellular_fraction,TISI,0.0,0
328,"2, comaOpt",assay_subcellular_fraction,Desc,0.0,0
329,"2, comaOpt",assay_subcellular_fraction,Ti,0.0,0
330,"2, comaOpt",assay_subcellular_fraction,ASORG,0.0,0
331,"2, comaOpt",assay_subcellular_fraction,DI,0.0,0
332,"2, comaOpt",assay_subcellular_fraction,BAFO,0.0,0
333,"2, comaOpt",assay_subcellular_fraction,ASSST,0.0,0
334,"2, comaOpt",assay_subcellular_fraction,CONFISC,0.0,0
335,"2, comaOpt",assay_subcellular_fraction,SI,0.0,0
336,"2, comaOpt",assay_subcellular_fraction,SASI,0.0,0
337,"2, comaOpt",assay_subcellular_fraction,CHEI,0.0,0
338,"2, comaOpt",assay_subcellular_fraction,CI,0.0,0
339,"2, comaOpt",assay_subcellular_fraction,VARI,0.0,0
340,"2, comaOpt",assay_tissue,ASSI,0.0,0
341,"2, comaOpt",assay_tissue,CUB,0.0,0
342,"2, comaOpt",assay_tissue,ASSUBCELFRAC,0.0,0
343,"2, comaOpt",assay_tissue,ASTI,0.0,1
344,"2, comaOpt",assay_tissue,TISI,0.0,0
345,"2, comaOpt",assay_tissue,Desc,0.0,0
346,"2, comaOpt",assay_tissue,Ti,0.0,0
347,"2, comaOpt",assay_tissue,ASORG,0.0,0
348,"2, comaOpt",assay_tissue,DI,0.0,0
349,"2, comaOpt",assay_tissue,BAFO,0.0,0
350,"2, comaOpt",assay_tissue,ASSST,0.0,0
351,"2, comaOpt",assay_tissue,CONFISC,0.0,0
352,"2, comaOpt",assay_tissue,SI,0.0,0
353,"2, comaOpt",assay_tissue,SASI,0.0,0
354,"2, comaOpt",assay_tissue,CHEI,0.0,0
355,"2, comaOpt",assay_tissue,CI,0.0,0
356,"2, comaOpt",assay_tissue,VARI,0.0,0
357,"2, comaOpt",tissue_id,ASSI,0.0,0
358,"2, comaOpt",tissue_id,CUB,0.0,0
359,"2, comaOpt",tissue_id,ASSUBCELFRAC,0.0,0
360,"2, comaOpt",tissue_id,ASTI,0.0,0
361,"2, comaOpt",tissue_id,TISI,0.0,1
362,"2, comaOpt",tissue_id,Desc,0.0,0
363,"2, comaOpt",tissue_id,Ti,0.0,0
364,"2, comaOpt",tissue_id,ASORG,0.0,0
365,"2, comaOpt",tissue_id,DI,0.0,0
366,"2, comaOpt",tissue_id,BAFO,0.0,0
367,"2, comaOpt",tissue_id,ASSST,0.0,0
368,"2, comaOpt",tissue_id,CONFISC,0.0,0
369,"2, comaOpt",tissue_id,SI,0.0,0
370,"2, comaOpt",tissue_id,SASI,0.0,0
371,"2, comaOpt",tissue_id,CHEI,0.0,0
372,"2, comaOpt",tissue_id,CI,0.0,0
373,"2, comaOpt",tissue_id,VARI,0.0,0
374,"2, comaOpt",description,ASSI,0.0,0
375,"2, comaOpt",description,CUB,0.0,0
376,"2, comaOpt",description,ASSUBCELFRAC,0.0,0
377,"2, comaOpt",description,ASTI,0.0,0
378,"2, comaOpt",description,TISI,0.0,0
379,"2, comaOpt",description,Desc,0.40556568,1
380,"2, comaOpt",description,Ti,0.0,0
381,"2, comaOpt",description,ASORG,0.0,0
382,"2, comaOpt",description,DI,0.0,0
383,"2, comaOpt",description,BAFO,0.0,0
384,"2, comaOpt",description,ASSST,0.0,0
385,"2, comaOpt",description,CONFISC,0.0,0
386,"2, comaOpt",description,SI,0.0,0
387,"2, comaOpt",description,SASI,0.0,0
388,"2, comaOpt",description,CHEI,0.0,0
389,"2, comaOpt",description,CI,0.0,0
390,"2, comaOpt",description,VARI,0.0,0
391,"2, comaOpt",tid,ASSI,0.0,0
392,"2, comaOpt",tid,CUB,0.0,0
393,"2, comaOpt",tid,ASSUBCELFRAC,0.0,0
394,"2, comaOpt",tid,ASTI,0.0,0
395,"2, comaOpt",tid,TISI,0.0,0
396,"2, comaOpt",tid,Desc,0.0,0
397,"2, comaOpt",tid,Ti,0.45646793,1
398,"2, comaOpt",tid,ASORG,0.0,0
399,"2, comaOpt",tid,DI,0.0,0
400,"2, comaOpt",tid,BAFO,0.0,0
401,"2, comaOpt",tid,ASSST,0.0,0
402,"2, comaOpt",tid,CONFISC,0.0,0
403,"2, comaOpt",tid,SI,0.0,0
404,"2, comaOpt",tid,SASI,0.0,0
405,"2, comaOpt",tid,CHEI,0.0,0
406,"2, comaOpt",tid,CI,0.0,0
407,"2, comaOpt",tid,VARI,0.0,0
408,"2, comaOpt",assay_organism,ASSI,0.0,0
409,"2, comaOpt",assay_organism,CUB,0.0,0
410,"2, comaOpt",assay_organism,ASSUBCELFRAC,0.0,0
411,"2, comaOpt",assay_organism,ASTI,0.0,0
412,"2, comaOpt",assay_organism,TISI,0.0,0
413,"2, comaOpt",assay_organism,Desc,0.0,0
414,"2, comaOpt",assay_organism,Ti,0.0,0
415,"2, comaOpt",assay_organism,ASORG,0.0,1
416,"2, comaOpt",assay_organism,DI,0.0,0
417,"2, comaOpt",assay_organism,BAFO,0.0,0
418,"2, comaOpt",assay_organism,ASSST,0.0,0
419,"2, comaOpt",assay_organism,CONFISC,0.0,0
420,"2, comaOpt",assay_organism,SI,0.0,0
421,"2, comaOpt",assay_organism,SASI,0.0,0
422,"2, comaOpt",assay_organism,CHEI,0.0,0
423,"2, comaOpt",assay_organism,CI,0.0,0
424,"2, comaOpt",assay_organism,VARI,0.0,0
425,"2, comaOpt",doc_id,ASSI,0.0,0
426,"2, comaOpt",doc_id,CUB,0.0,0
427,"2, comaOpt",doc_id,ASSUBCELFRAC,0.0,0
428,"2, comaOpt",doc_id,ASTI,0.0,0
429,"2, comaOpt",doc_id,TISI,0.0,0
430,"2, comaOpt",doc_id,Desc,0.0,0
431,"2, comaOpt",doc_id,Ti,0.0,0
432,"2, comaOpt",doc_id,ASORG,0.0,0
433,"2, comaOpt",doc_id,DI,0.0,1
434,"2, comaOpt",doc_id,BAFO,0.0,0
435,"2, comaOpt",doc_id,ASSST,0.0,0
436,"2, comaOpt",doc_id,CONFISC,0.0,0
437,"2, comaOpt",doc_id,SI,0.0,0
438,"2, comaOpt",doc_id,SASI,0.0,0
439,"2, comaOpt",doc_id,CHEI,0.0,0
440,"2, comaOpt",doc_id,CI,0.0,0
441,"2, comaOpt",doc_id,VARI,0.0,0
442,"2, comaOpt",bao_format,ASSI,0.0,0
443,"2, comaOpt",bao_format,CUB,0.0,0
444,"2, comaOpt",bao_format,ASSUBCELFRAC,0.0,0
445,"2, comaOpt",bao_format,ASTI,0.0,0
446,"2, comaOpt",bao_format,TISI,0.0,0
447,"2, comaOpt",bao_format,Desc,0.0,0
448,"2, comaOpt",bao_format,Ti,0.0,0
449,"2, comaOpt",bao_format,ASORG,0.0,0
450,"2, comaOpt",bao_format,DI,0.0,0
451,"2, comaOpt",bao_format,BAFO,0.28363967,1
452,"2, comaOpt",bao_format,ASSST,0.0,0
453,"2, comaOpt",bao_format,CONFISC,0.0,0
454,"2, comaOpt",bao_format,SI,0.0,0
455,"2, comaOpt",bao_format,SASI,0.0,0
456,"2, comaOpt",bao_format,CHEI,0.0,0
457,"2, comaOpt",bao_format,CI,0.0,0
458,"2, comaOpt",bao_format,VARI,0.0,0
459,"2, comaOpt",assay_strain,ASSI,0.0,0
460,"2, comaOpt",assay_strain,CUB,0.0,0
461,"2, comaOpt",assay_strain,ASSUBCELFRAC,0.0,0
462,"2, comaOpt",assay_strain,ASTI,0.0,0
463,"2, comaOpt",assay_strain,TISI,0.0,0
464,"2, comaOpt",assay_strain,Desc,0.0,0
465,"2, comaOpt",assay_strain,Ti,0.0,0
466,"2, comaOpt",assay_strain,ASORG,0.0,0
467,"2, comaOpt",assay_strain,DI,0.0,0
468,"2, comaOpt",assay_strain,BAFO,0.0,0
469,"2, comaOpt",assay_strain,ASSST,0.0,1
470,"2, comaOpt",assay_strain,CONFISC,0.0,0
471,"2, comaOpt",assay_strain,SI,0.0,0
472,"2, comaOpt",assay_strain,SASI,0.0,0
473,"2, comaOpt",assay_strain,CHEI,0.0,0
474,"2, comaOpt",assay_strain,CI,0.0,0
475,"2, comaOpt",assay_strain,VARI,0.0,0
476,"2, comaOpt",assay_type,ASSI,0.0,0
477,"2, comaOpt",assay_type,CUB,0.0,0
478,"2, comaOpt",assay_type,ASSUBCELFRAC,0.0,0
479,"2, comaOpt",assay_type,ASTI,0.0,0
480,"2, comaOpt",assay_type,TISI,0.0,0
481,"2, comaOpt",assay_type,Desc,0.0,0
482,"2, comaOpt",assay_type,Ti,0.0,0
483,"2, comaOpt",assay_type,ASORG,0.0,0
484,"2, comaOpt",assay_type,DI,0.0,0
485,"2, comaOpt",assay_type,BAFO,0.0,0
486,"2, comaOpt",assay_type,ASSST,0.0,0
487,"2, comaOpt",assay_type,CONFISC,0.0,0
488,"2, comaOpt",assay_type,SI,0.0,0
489,"2, comaOpt",assay_type,SASI,0.0,0
490,"2, comaOpt",assay_type,CHEI,0.0,0
491,"2, comaOpt",assay_type,CI,0.0,0
492,"2, comaOpt",assay_type,VARI,0.0,0
493,"2, comaOpt",assay_test_type,ASSI,0.0,0
494,"2, comaOpt",assay_test_type,CUB,0.0,0
495,"2, comaOpt",assay_test_type,ASSUBCELFRAC,0.0,0
496,"2, comaOpt",assay_test_type,ASTI,0.0,0
497,"2, comaOpt",assay_test_type,TISI,0.0,0
498,"2, comaOpt",assay_test_type,Desc,0.0,0
499,"2, comaOpt",assay_test_type,Ti,0.0,0
500,"2, comaOpt",assay_test_type,ASORG,0.0,0
501,"2, comaOpt",assay_test_type,DI,0.0,0
502,"2, comaOpt",assay_test_type,BAFO,0.0,0
503,"2, comaOpt",assay_test_type,ASSST,0.0,0
504,"2, comaOpt",assay_test_type,CONFISC,0.0,0
505,"2, comaOpt",assay_test_type,SI,0.0,0
506,"2, comaOpt",assay_test_type,SASI,0.0,0
507,"2, comaOpt",assay_test_type,CHEI,0.0,0
508,"2, comaOpt",assay_test_type,CI,0.0,0
509,"2, comaOpt",assay_test_type,VARI,0.0,0
510,"2, comaOpt",assay_category,ASSI,0.0,0
511,"2, comaOpt",assay_category,CUB,0.0,0
512,"2, comaOpt",assay_category,ASSUBCELFRAC,0.0,0
513,"2, comaOpt",assay_category,ASTI,0.0,0
514,"2, comaOpt",assay_category,TISI,0.0,0
515,"2, comaOpt",assay_category,Desc,0.0,0
516,"2, comaOpt",assay_category,Ti,0.0,0
517,"2, comaOpt",assay_category,ASORG,0.0,0
518,"2, comaOpt",assay_category,DI,0.0,0
519,"2, comaOpt",assay_category,BAFO,0.0,0
520,"2, comaOpt",assay_category,ASSST,0.0,0
521,"2, comaOpt",assay_category,CONFISC,0.0,0
522,"2, comaOpt",assay_category,SI,0.0,0
523,"2, comaOpt",assay_category,SASI,0.0,0
524,"2, comaOpt",assay_category,CHEI,0.0,0
525,"2, comaOpt",assay_category,CI,0.0,0
526,"2, comaOpt",assay_category,VARI,0.0,0
527,"2, comaOpt",assay_tax_id,ASSI,0.0,0
528,"2, comaOpt",assay_tax_id,CUB,0.0,0
529,"2, comaOpt",assay_tax_id,ASSUBCELFRAC,0.0,0
530,"2, comaOpt",assay_tax_id,ASTI,0.0,0
531,"2, comaOpt",assay_tax_id,TISI,0.0,0
532,"2, comaOpt",assay_tax_id,Desc,0.0,0
533,"2, comaOpt",assay_tax_id,Ti,0.0,0
534,"2, comaOpt",assay_tax_id,ASORG,0.0,0
535,"2, comaOpt",assay_tax_id,DI,0.0,0
536,"2, comaOpt",assay_tax_id,BAFO,0.0,0
537,"2, comaOpt",assay_tax_id,ASSST,0.0,0
538,"2, comaOpt",assay_tax_id,CONFISC,0.0,0
539,"2, comaOpt",assay_tax_id,SI,0.0,0
540,"2, comaOpt",assay_tax_id,SASI,0.0,0
541,"2, comaOpt",assay_tax_id,CHEI,0.0,0
542,"2, comaOpt",assay_tax_id,CI,0.0,0
543,"2, comaOpt",assay_tax_id,VARI,0.0,0
544,"2, comaOpt",assay_cell_type,ASSI,0.0,0
545,"2, comaOpt",assay_cell_type,CUB,0.0,0
546,"2, comaOpt",assay_cell_type,ASSUBCELFRAC,0.0,0
547,"2, comaOpt",assay_cell_type,ASTI,0.0,0
548,"2, comaOpt",assay_cell_type,TISI,0.0,0
549,"2, comaOpt",assay_cell_type,Desc,0.0,0
550,"2, comaOpt",assay_cell_type,Ti,0.0,0
551,"2, comaOpt",assay_cell_type,ASORG,0.0,0
552,"2, comaOpt",assay_cell_type,DI,0.0,0
553,"2, comaOpt",assay_cell_type,BAFO,0.0,0
554,"2, comaOpt",assay_cell_type,ASSST,0.0,0
555,"2, comaOpt",assay_cell_type,CONFISC,0.0,0
556,"2, comaOpt",assay_cell_type,SI,0.0,0
557,"2, comaOpt",assay_cell_type,SASI,0.0,0
558,"2, comaOpt",assay_cell_type,CHEI,0.0,0
559,"2, comaOpt",assay_cell_type,CI,0.0,0
560,"2, comaOpt",assay_cell_type,VARI,0.0,0
561,"2, comaOpt",relationship_type,ASSI,0.0,0
562,"2, comaOpt",relationship_type,CUB,0.0,0
563,"2, comaOpt",relationship_type,ASSUBCELFRAC,0.0,0
564,"2, comaOpt",relationship_type,ASTI,0.0,0
565,"2, comaOpt",relationship_type,TISI,0.0,0
566,"2, comaOpt",relationship_type,Desc,0.0,0
567,"2, comaOpt",relationship_type,Ti,0.0,0
568,"2, comaOpt",relationship_type,ASORG,0.0,0
569,"2, comaOpt",relationship_type,DI,0.0,0
570,"2, comaOpt",relationship_type,BAFO,0.0,0
571,"2, comaOpt",relationship_type,ASSST,0.0,0
572,"2, comaOpt",relationship_type,CONFISC,0.0,0
573,"2, comaOpt",relationship_type,SI,0.0,0
574,"2, comaOpt",relationship_type,SASI,0.0,0
575,"2, comaOpt",relationship_type,CHEI,0.0,0
576,"2, comaOpt",relationship_type,CI,0.0,0
577,"2, comaOpt",relationship_type,VARI,0.0,0
578,"3, cupid",assay_id,ASSI,0.6444444444444445,1
579,"3, cupid",assay_id,CUB,0.02,0
580,"3, cupid",assay_id,ASSUBCELFRAC,0.02,0
581,"3, cupid",assay_id,ASTI,0.02,0
582,"3, cupid",assay_id,TISI,0.05,0
583,"3, cupid",assay_id,Desc,0.02,0
584,"3, cupid",assay_id,Ti,0.5428571428571429,0
585,"3, cupid",assay_id,ASORG,0.02,0
586,"3, cupid",assay_id,DI,0.4666666666666667,0
587,"3, cupid",assay_id,BAFO,0.02,0
588,"3, cupid",assay_id,ASSST,0.02,0
589,"3, cupid",assay_id,CONFISC,0.362962962962963,0
590,"3, cupid",assay_id,SI,0.5620202020202021,0
591,"3, cupid",assay_id,SASI,0.0399999999999999,0
592,"3, cupid",assay_id,CHEI,0.02,0
593,"3, cupid",assay_id,CI,0.05,0
594,"3, cupid",assay_id,VARI,0.0399999999999999,0
595,"3, cupid",curated_by,ASSI,0.02,0
596,"3, cupid",curated_by,CUB,0.52,1
597,"3, cupid",curated_by,ASSUBCELFRAC,0.4526315789473684,0
598,"3, cupid",curated_by,ASTI,0.4909090909090909,0
599,"3, cupid",curated_by,TISI,0.0333333333333333,0
600,"3, cupid",curated_by,Desc,0.3454545454545454,0
601,"3, cupid",curated_by,Ti,0.02,0
602,"3, cupid",curated_by,ASORG,0.3333333333333333,0
603,"3, cupid",curated_by,DI,0.02,0
604,"3, cupid",curated_by,BAFO,0.3454545454545454,0
605,"3, cupid",curated_by,ASSST,0.4666666666666667,0
606,"3, cupid",curated_by,CONFISC,0.02,0
607,"3, cupid",curated_by,SI,0.02,0
608,"3, cupid",curated_by,SASI,0.0285714285714285,0
609,"3, cupid",curated_by,CHEI,0.4909090909090909,0
610,"3, cupid",curated_by,CI,0.0333333333333333,0
611,"3, cupid",curated_by,VARI,0.0285714285714285,0
612,"3, cupid",assay_subcellular_fraction,ASSI,0.02,0
613,"3, cupid",assay_subcellular_fraction,CUB,0.4952380952380952,0
614,"3, cupid",assay_subcellular_fraction,ASSUBCELFRAC,0.6175959079283888,1
615,"3, cupid",assay_subcellular_fraction,ASTI,0.5155555555555555,0
616,"3, cupid",assay_subcellular_fraction,TISI,0.0333333333333333,0
617,"3, cupid",assay_subcellular_fraction,Desc,0.3844444444444445,0
618,"3, cupid",assay_subcellular_fraction,Ti,0.02,0
619,"3, cupid",assay_subcellular_fraction,ASORG,0.4715384615384616,0
620,"3, cupid",assay_subcellular_fraction,DI,0.02,0
621,"3, cupid",assay_subcellular_fraction,BAFO,0.4311111111111111,0
622,"3, cupid",assay_subcellular_fraction,ASSST,0.5265384615384616,0
623,"3, cupid",assay_subcellular_fraction,CONFISC,0.02,0
624,"3, cupid",assay_subcellular_fraction,SI,0.02,0
625,"3, cupid",assay_subcellular_fraction,SASI,0.0285714285714285,0
626,"3, cupid",assay_subcellular_fraction,CHEI,0.3866666666666667,0
627,"3, cupid",assay_subcellular_fraction,CI,0.0333333333333333,0
628,"3, cupid",assay_subcellular_fraction,VARI,0.0285714285714285,0
629,"3, cupid",assay_tissue,ASSI,0.02,0
630,"3, cupid",assay_tissue,CUB,0.4598290598290598,0
631,"3, cupid",assay_tissue,ASSUBCELFRAC,0.5694989106753813,0
632,"3, cupid",assay_tissue,ASTI,0.5437037037037037,1
633,"3, cupid",assay_tissue,TISI,0.0333333333333333,0
634,"3, cupid",assay_tissue,Desc,0.3718518518518519,0
635,"3, cupid",assay_tissue,Ti,0.02,0
636,"3, cupid",assay_tissue,ASORG,0.4618181818181818,0
637,"3, cupid",assay_tissue,DI,0.02,0
638,"3, cupid",assay_tissue,BAFO,0.3185185185185185,0
639,"3, cupid",assay_tissue,ASSST,0.616969696969697,0
640,"3, cupid",assay_tissue,CONFISC,0.02,0
641,"3, cupid",assay_tissue,SI,0.02,0
642,"3, cupid",assay_tissue,SASI,0.0285714285714285,0
643,"3, cupid",assay_tissue,CHEI,0.3066666666666666,0
644,"3, cupid",assay_tissue,CI,0.0333333333333333,0
645,"3, cupid",assay_tissue,VARI,0.0285714285714285,0
646,"3, cupid",tissue_id,ASSI,0.05,0
647,"3, cupid",tissue_id,CUB,0.0333333333333333,0
648,"3, cupid",tissue_id,ASSUBCELFRAC,0.0333333333333333,0
649,"3, cupid",tissue_id,ASTI,0.0333333333333333,0
650,"3, cupid",tissue_id,TISI,0.6088888888888888,1
651,"3, cupid",tissue_id,Desc,0.0333333333333333,0
652,"3, cupid",tissue_id,Ti,0.05,0
653,"3, cupid",tissue_id,ASORG,0.0333333333333333,0
654,"3, cupid",tissue_id,DI,0.05,0
655,"3, cupid",tissue_id,BAFO,0.0333333333333333,0
656,"3, cupid",tissue_id,ASSST,0.0333333333333333,0
657,"3, cupid",tissue_id,CONFISC,0.05,0
658,"3, cupid",tissue_id,SI,0.05,0
659,"3, cupid",tissue_id,SASI,0.4185185185185185,0
660,"3, cupid",tissue_id,CHEI,0.0333333333333333,0
661,"3, cupid",tissue_id,CI,0.4444444444444444,0
662,"3, cupid",tissue_id,VARI,0.3592592592592593,0
663,"3, cupid",description,ASSI,0.02,0
664,"3, cupid",description,CUB,0.3333333333333333,0
665,"3, cupid",description,ASSUBCELFRAC,0.4086956521739131,0
666,"3, cupid",description,ASTI,0.52,0
667,"3, cupid",description,TISI,0.0333333333333333,0
668,"3, cupid",description,Desc,0.6266666666666667,1
669,"3, cupid",description,Ti,0.02,0
670,"3, cupid",description,ASORG,0.4,0
671,"3, cupid",description,DI,0.02,0
672,"3, cupid",description,BAFO,0.3066666666666666,0
673,"3, cupid",description,ASSST,0.4,0
674,"3, cupid",description,CONFISC,0.02,0
675,"3, cupid",description,SI,0.02,0
676,"3, cupid",description,SASI,0.0285714285714285,0
677,"3, cupid",description,CHEI,0.4133333333333334,0
678,"3, cupid",description,CI,0.0333333333333333,0
679,"3, cupid",description,VARI,0.0285714285714285,0
680,"3, cupid",tid,ASSI,0.4285714285714286,0
681,"3, cupid",tid,CUB,0.02,0
682,"3, cupid",tid,ASSUBCELFRAC,0.02,0
683,"3, cupid",tid,ASTI,0.02,0
684,"3, cupid",tid,TISI,0.05,0
685,"3, cupid",tid,Desc,0.02,0
686,"3, cupid",tid,Ti,0.8400000000000001,1
687,"3, cupid",tid,ASORG,0.02,0
688,"3, cupid",tid,DI,0.52,0
689,"3, cupid",tid,BAFO,0.02,0
690,"3, cupid",tid,ASSST,0.02,0
691,"3, cupid",tid,CONFISC,0.36,0
692,"3, cupid",tid,SI,0.52,0
693,"3, cupid",tid,SASI,0.0399999999999999,0
694,"3, cupid",tid,CHEI,0.02,0
695,"3, cupid",tid,CI,0.05,0
696,"3, cupid",tid,VARI,0.0399999999999999,0
697,"3, cupid",assay_organism,ASSI,0.02,0
698,"3, cupid",assay_organism,CUB,0.6888888888888889,0
699,"3, cupid",assay_organism,ASSUBCELFRAC,0.5043137254901962,0
700,"3, cupid",assay_organism,ASTI,0.5259259259259259,0
701,"3, cupid",assay_organism,TISI,0.0333333333333333,0
702,"3, cupid",assay_organism,Desc,0.362962962962963,0
703,"3, cupid",assay_organism,Ti,0.02,0
704,"3, cupid",assay_organism,ASORG,0.5528205128205128,1
705,"3, cupid",assay_organism,DI,0.02,0
706,"3, cupid",assay_organism,BAFO,0.362962962962963,0
707,"3, cupid",assay_organism,ASSST,0.602051282051282,0
708,"3, cupid",assay_organism,CONFISC,0.02,0
709,"3, cupid",assay_organism,SI,0.02,0
710,"3, cupid",assay_organism,SASI,0.0285714285714285,0
711,"3, cupid",assay_organism,CHEI,0.2888888888888888,0
712,"3, cupid",assay_organism,CI,0.0333333333333333,0
713,"3, cupid",assay_organism,VARI,0.0285714285714285,0
714,"3, cupid",doc_id,ASSI,0.3777777777777778,0
715,"3, cupid",doc_id,CUB,0.02,0
716,"3, cupid",doc_id,ASSUBCELFRAC,0.02,0
717,"3, cupid",doc_id,ASTI,0.02,0
718,"3, cupid",doc_id,TISI,0.05,0
719,"3, cupid",doc_id,Desc,0.02,0
720,"3, cupid",doc_id,Ti,0.5544513457556937,0
721,"3, cupid",doc_id,ASORG,0.02,0
722,"3, cupid",doc_id,DI,0.5733333333333333,1
723,"3, cupid",doc_id,BAFO,0.02,0
724,"3, cupid",doc_id,ASSST,0.02,0
725,"3, cupid",doc_id,CONFISC,0.4725925925925926,0
726,"3, cupid",doc_id,SI,0.4133333333333333,0
727,"3, cupid",doc_id,SASI,0.0399999999999999,0
728,"3, cupid",doc_id,CHEI,0.02,0
729,"3, cupid",doc_id,CI,0.05,0
730,"3, cupid",doc_id,VARI,0.0399999999999999,0
731,"3, cupid",bao_format,ASSI,0.02,0
732,"3, cupid",bao_format,CUB,0.4444444444444445,0
733,"3, cupid",bao_format,ASSUBCELFRAC,0.4488888888888889,0
734,"3, cupid",bao_format,ASTI,0.4895238095238096,0
735,"3, cupid",bao_format,TISI,0.0333333333333333,0
736,"3, cupid",bao_format,Desc,0.2,0
737,"3, cupid",bao_format,Ti,0.02,0
738,"3, cupid",bao_format,ASORG,0.5636363636363637,0
739,"3, cupid",bao_format,DI,0.02,0
740,"3, cupid",bao_format,BAFO,0.7638095238095239,1
741,"3, cupid",bao_format,ASSST,0.4606060606060606,0
742,"3, cupid",bao_format,CONFISC,0.02,0
743,"3, cupid",bao_format,SI,0.02,0
744,"3, cupid",bao_format,SASI,0.0285714285714285,0
745,"3, cupid",bao_format,CHEI,0.2,0
746,"3, cupid",bao_format,CI,0.0333333333333333,0
747,"3, cupid",bao_format,VARI,0.0285714285714285,0
748,"3, cupid",assay_strain,ASSI,0.02,0
749,"3, cupid",assay_strain,CUB,0.4444444444444444,0
750,"3, cupid",assay_strain,ASSUBCELFRAC,0.5398692810457517,0
751,"3, cupid",assay_strain,ASTI,0.6385185185185185,0
752,"3, cupid",assay_strain,TISI,0.0333333333333333,0
753,"3, cupid",assay_strain,Desc,0.3718518518518519,0
754,"3, cupid",assay_strain,Ti,0.02,0
755,"3, cupid",assay_strain,ASORG,0.5103030303030303,0
756,"3, cupid",assay_strain,DI,0.02,0
757,"3, cupid",assay_strain,BAFO,0.3718518518518519,0
758,"3, cupid",assay_strain,ASSST,0.616969696969697,1
759,"3, cupid",assay_strain,CONFISC,0.02,0
760,"3, cupid",assay_strain,SI,0.02,0
761,"3, cupid",assay_strain,SASI,0.0285714285714285,0
762,"3, cupid",assay_strain,CHEI,0.3066666666666666,0
763,"3, cupid",assay_strain,CI,0.0333333333333333,0
764,"3, cupid",assay_strain,VARI,0.0285714285714285,0
765,"3, cupid",assay_type,ASSI,0.02,0
766,"3, cupid",assay_type,CUB,0.6257309941520468,0
767,"3, cupid",assay_type,ASSUBCELFRAC,0.4843137254901961,0
768,"3, cupid",assay_type,ASTI,0.5037037037037038,0
769,"3, cupid",assay_type,TISI,0.0333333333333333,0
770,"3, cupid",assay_type,Desc,0.3925925925925926,0
771,"3, cupid",assay_type,Ti,0.02,0
772,"3, cupid",assay_type,ASORG,0.4133333333333333,0
773,"3, cupid",assay_type,DI,0.02,0
774,"3, cupid",assay_type,BAFO,0.3185185185185185,0
775,"3, cupid",assay_type,ASSST,0.5792592592592593,0
776,"3, cupid",assay_type,CONFISC,0.02,0
777,"3, cupid",assay_type,SI,0.02,0
778,"3, cupid",assay_type,SASI,0.0285714285714285,0
779,"3, cupid",assay_type,CHEI,0.3333333333333333,0
780,"3, cupid",assay_type,CI,0.0333333333333333,0
781,"3, cupid",assay_type,VARI,0.0285714285714285,0
782,"3, cupid",assay_test_type,ASSI,0.02,0
783,"3, cupid",assay_test_type,CUB,0.6134158926728587,0
784,"3, cupid",assay_test_type,ASSUBCELFRAC,0.438235294117647,0
785,"3, cupid",assay_test_type,ASTI,0.538888888888889,0
786,"3, cupid",assay_test_type,TISI,0.0333333333333333,0
787,"3, cupid",assay_test_type,Desc,0.4944444444444444,0
788,"3, cupid",assay_test_type,Ti,0.02,0
789,"3, cupid",assay_test_type,ASORG,0.4044444444444444,0
790,"3, cupid",assay_test_type,DI,0.02,0
791,"3, cupid",assay_test_type,BAFO,0.2888888888888889,0
792,"3, cupid",assay_test_type,ASSST,0.5733333333333334,0
793,"3, cupid",assay_test_type,CONFISC,0.02,0
794,"3, cupid",assay_test_type,SI,0.02,0
795,"3, cupid",assay_test_type,SASI,0.0285714285714285,0
796,"3, cupid",assay_test_type,CHEI,0.35,0
797,"3, cupid",assay_test_type,CI,0.0333333333333333,0
798,"3, cupid",assay_test_type,VARI,0.0285714285714285,0
799,"3, cupid",assay_category,ASSI,0.0399999999999999,0
800,"3, cupid",assay_category,CUB,0.0285714285714285,0
801,"3, cupid",assay_category,ASSUBCELFRAC,0.0285714285714285,0
802,"3, cupid",assay_category,ASTI,0.0285714285714285,0
803,"3, cupid",assay_category,TISI,0.3024691358024691,0
804,"3, cupid",assay_category,Desc,0.0285714285714285,0
805,"3, cupid",assay_category,Ti,0.0399999999999999,0
806,"3, cupid",assay_category,ASORG,0.0285714285714285,0
807,"3, cupid",assay_category,DI,0.0399999999999999,0
808,"3, cupid",assay_category,BAFO,0.0285714285714285,0
809,"3, cupid",assay_category,ASSST,0.0285714285714285,0
810,"3, cupid",assay_category,CONFISC,0.0399999999999999,0
811,"3, cupid",assay_category,SI,0.0399999999999999,0
812,"3, cupid",assay_category,SASI,0.4814814814814814,0
813,"3, cupid",assay_category,CHEI,0.0285714285714285,0
814,"3, cupid",assay_category,CI,0.4128205128205128,0
815,"3, cupid",assay_category,VARI,0.4370370370370371,0
816,"3, cupid",assay_tax_id,ASSI,0.05,0
817,"3, cupid",assay_tax_id,CUB,0.0333333333333333,0
818,"3, cupid",assay_tax_id,ASSUBCELFRAC,0.0333333333333333,0
819,"3, cupid",assay_tax_id,ASTI,0.0333333333333333,0
820,"3, cupid",assay_tax_id,TISI,0.4349206349206349,0
821,"3, cupid",assay_tax_id,Desc,0.0333333333333333,0
822,"3, cupid",assay_tax_id,Ti,0.05,0
823,"3, cupid",assay_tax_id,ASORG,0.0333333333333333,0
824,"3, cupid",assay_tax_id,DI,0.05,0
825,"3, cupid",assay_tax_id,BAFO,0.0333333333333333,0
826,"3, cupid",assay_tax_id,ASSST,0.0333333333333333,0
827,"3, cupid",assay_tax_id,CONFISC,0.05,0
828,"3, cupid",assay_tax_id,SI,0.05,0
829,"3, cupid",assay_tax_id,SASI,0.417989417989418,0
830,"3, cupid",assay_tax_id,CHEI,0.0333333333333333,0
831,"3, cupid",assay_tax_id,CI,0.49,0
832,"3, cupid",assay_tax_id,VARI,0.3624338624338625,0
833,"3, cupid",assay_cell_type,ASSI,0.02,0
834,"3, cupid",assay_cell_type,CUB,0.6442982456140351,0
835,"3, cupid",assay_cell_type,ASSUBCELFRAC,0.4882352941176471,0
836,"3, cupid",assay_cell_type,ASTI,0.4277777777777778,0
837,"3, cupid",assay_cell_type,TISI,0.0333333333333333,0
838,"3, cupid",assay_cell_type,Desc,0.3944444444444445,0
839,"3, cupid",assay_cell_type,Ti,0.02,0
840,"3, cupid",assay_cell_type,ASORG,0.36,0
841,"3, cupid",assay_cell_type,DI,0.02,0
842,"3, cupid",assay_cell_type,BAFO,0.2888888888888889,0
843,"3, cupid",assay_cell_type,ASSST,0.4844444444444444,0
844,"3, cupid",assay_cell_type,CONFISC,0.02,0
845,"3, cupid",assay_cell_type,SI,0.02,0
846,"3, cupid",assay_cell_type,SASI,0.0285714285714285,0
847,"3, cupid",assay_cell_type,CHEI,0.45,0
848,"3, cupid",assay_cell_type,CI,0.0333333333333333,0
849,"3, cupid",assay_cell_type,VARI,0.0285714285714285,0
850,"3, cupid",relationship_type,ASSI,0.02,0
851,"3, cupid",relationship_type,CUB,0.5901754385964912,0
852,"3, cupid",relationship_type,ASSUBCELFRAC,0.3666666666666667,0
853,"3, cupid",relationship_type,ASTI,0.4666666666666667,0
854,"3, cupid",relationship_type,TISI,0.0333333333333333,0
855,"3, cupid",relationship_type,Desc,0.4,0
856,"3, cupid",relationship_type,Ti,0.02,0
857,"3, cupid",relationship_type,ASORG,0.3254901960784314,0
858,"3, cupid",relationship_type,DI,0.02,0
859,"3, cupid",relationship_type,BAFO,0.3333333333333333,0
860,"3, cupid",relationship_type,ASSST,0.3847494553376906,0
861,"3, cupid",relationship_type,CONFISC,0.02,0
862,"3, cupid",relationship_type,SI,0.02,0
863,"3, cupid",relationship_type,SASI,0.0285714285714285,0
864,"3, cupid",relationship_type,CHEI,0.4,0
865,"3, cupid",relationship_type,CI,0.0333333333333333,0
866,"3, cupid",relationship_type,VARI,0.0285714285714285,0
867,"4, distributionBased",assay_id,ASSI,0.0,1
868,"4, distributionBased",assay_id,CUB,0.0,0
869,"4, distributionBased",assay_id,ASSUBCELFRAC,0.0,0
870,"4, distributionBased",assay_id,ASTI,0.0,0
871,"4, distributionBased",assay_id,TISI,0.0,0
872,"4, distributionBased",assay_id,Desc,0.0,0
873,"4, distributionBased",assay_id,Ti,0.0,0
874,"4, distributionBased",assay_id,ASORG,0.0,0
875,"4, distributionBased",assay_id,DI,0.0,0
876,"4, distributionBased",assay_id,BAFO,0.0,0
877,"4, distributionBased",assay_id,ASSST,0.0,0
878,"4, distributionBased",assay_id,CONFISC,0.0,0
879,"4, distributionBased",assay_id,SI,0.0,0
880,"4, distributionBased",assay_id,SASI,0.0,0
881,"4, distributionBased",assay_id,CHEI,0.0,0
882,"4, distributionBased",assay_id,CI,0.0,0
883,"4, distributionBased",assay_id,VARI,0.0,0
884,"4, distributionBased",curated_by,ASSI,0.0,0
885,"4, distributionBased",curated_by,CUB,1.0,1
886,"4, distributionBased",curated_by,ASSUBCELFRAC,0.0,0
887,"4, distributionBased",curated_by,ASTI,0.0,0
888,"4, distributionBased",curated_by,TISI,0.0,0
889,"4, distributionBased",curated_by,Desc,0.0,0
890,"4, distributionBased",curated_by,Ti,0.0,0
891,"4, distributionBased",curated_by,ASORG,0.0,0
892,"4, distributionBased",curated_by,DI,0.0,0
893,"4, distributionBased",curated_by,BAFO,0.0,0
894,"4, distributionBased",curated_by,ASSST,0.0,0
895,"4, distributionBased",curated_by,CONFISC,0.0,0
896,"4, distributionBased",curated_by,SI,0.0,0
897,"4, distributionBased",curated_by,SASI,0.0,0
898,"4, distributionBased",curated_by,CHEI,0.0,0
899,"4, distributionBased",curated_by,CI,0.0,0
900,"4, distributionBased",curated_by,VARI,0.0,0
901,"4, distributionBased",assay_subcellular_fraction,ASSI,0.0,0
902,"4, distributionBased",assay_subcellular_fraction,CUB,0.0,0
903,"4, distributionBased",assay_subcellular_fraction,ASSUBCELFRAC,0.953328232593726,1
904,"4, distributionBased",assay_subcellular_fraction,ASTI,0.0,0
905,"4, distributionBased",assay_subcellular_fraction,TISI,0.0,0
906,"4, distributionBased",assay_subcellular_fraction,Desc,0.0,0
907,"4, distributionBased",assay_subcellular_fraction,Ti,0.0,0
908,"4, distributionBased",assay_subcellular_fraction,ASORG,0.0,0
909,"4, distributionBased",assay_subcellular_fraction,DI,0.0,0
910,"4, distributionBased",assay_subcellular_fraction,BAFO,0.0,0
911,"4, distributionBased",assay_subcellular_fraction,ASSST,0.0,0
912,"4, distributionBased",assay_subcellular_fraction,CONFISC,0.0,0
913,"4, distributionBased",assay_subcellular_fraction,SI,0.0,0
914,"4, distributionBased",assay_subcellular_fraction,SASI,0.0,0
915,"4, distributionBased",assay_subcellular_fraction,CHEI,0.0,0
916,"4, distributionBased",assay_subcellular_fraction,CI,0.0,0
917,"4, distributionBased",assay_subcellular_fraction,VARI,0.0,0
918,"4, distributionBased",assay_tissue,ASSI,0.0,0
919,"4, distributionBased",assay_tissue,CUB,0.0,0
920,"4, distributionBased",assay_tissue,ASSUBCELFRAC,0.0,0
921,"4, distributionBased",assay_tissue,ASTI,0.9280153304667812,1
922,"4, distributionBased",assay_tissue,TISI,0.0,0
923,"4, distributionBased",assay_tissue,Desc,0.0,0
924,"4, distributionBased",assay_tissue,Ti,0.0,0
925,"4, distributionBased",assay_tissue,ASORG,0.0,0
926,"4, distributionBased",assay_tissue,DI,0.0,0
927,"4, distributionBased",assay_tissue,BAFO,0.0,0
928,"4, distributionBased",assay_tissue,ASSST,0.0,0
929,"4, distributionBased",assay_tissue,CONFISC,0.0,0
930,"4, distributionBased",assay_tissue,SI,0.0,0
931,"4, distributionBased",assay_tissue,SASI,0.0,0
932,"4, distributionBased",assay_tissue,CHEI,0.0,0
933,"4, distributionBased",assay_tissue,CI,0.0,0
934,"4, distributionBased",assay_tissue,VARI,0.0,0
935,"4, distributionBased",tissue_id,ASSI,0.0,0
936,"4, distributionBased",tissue_id,CUB,0.0,0
937,"4, distributionBased",tissue_id,ASSUBCELFRAC,0.0,0
938,"4, distributionBased",tissue_id,ASTI,0.0,0
939,"4, distributionBased",tissue_id,TISI,0.9283343568309744,1
940,"4, distributionBased",tissue_id,Desc,0.0,0
941,"4, distributionBased",tissue_id,Ti,0.0,0
942,"4, distributionBased",tissue_id,ASORG,0.0,0
943,"4, distributionBased",tissue_id,DI,0.0,0
944,"4, distributionBased",tissue_id,BAFO,0.0,0
945,"4, distributionBased",tissue_id,ASSST,0.0,0
946,"4, distributionBased",tissue_id,CONFISC,0.0,0
947,"4, distributionBased",tissue_id,SI,0.0,0
948,"4, distributionBased",tissue_id,SASI,0.0,0
949,"4, distributionBased",tissue_id,CHEI,0.0,0
950,"4, distributionBased",tissue_id,CI,0.0,0
951,"4, distributionBased",tissue_id,VARI,0.0,0
952,"4, distributionBased",description,ASSI,0.0,0
953,"4, distributionBased",description,CUB,0.0,0
954,"4, distributionBased",description,ASSUBCELFRAC,0.0,0
955,"4, distributionBased",description,ASTI,0.0,0
956,"4, distributionBased",description,TISI,0.0,0
957,"4, distributionBased",description,Desc,0.968399853053756,1
958,"4, distributionBased",description,Ti,0.0,0
959,"4, distributionBased",description,ASORG,0.0,0
960,"4, distributionBased",description,DI,0.0,0
961,"4, distributionBased",description,BAFO,0.0,0
962,"4, distributionBased",description,ASSST,0.0,0
963,"4, distributionBased",description,CONFISC,0.0,0
964,"4, distributionBased",description,SI,0.0,0
965,"4, distributionBased",description,SASI,0.0,0
966,"4, distributionBased",description,CHEI,0.0,0
967,"4, distributionBased",description,CI,0.0,0
968,"4, distributionBased",description,VARI,0.0,0
969,"4, distributionBased",tid,ASSI,0.0,0
970,"4, distributionBased",tid,CUB,0.0,0
971,"4, distributionBased",tid,ASSUBCELFRAC,0.0,0
972,"4, distributionBased",tid,ASTI,0.0,0
973,"4, distributionBased",tid,TISI,0.0,0
974,"4, distributionBased",tid,Desc,0.0,0
975,"4, distributionBased",tid,Ti,0.8955437084089694,1
976,"4, distributionBased",tid,ASORG,0.0,0
977,"4, distributionBased",tid,DI,0.0,0
978,"4, distributionBased",tid,BAFO,0.0,0
979,"4, distributionBased",tid,ASSST,0.0,0
980,"4, distributionBased",tid,CONFISC,0.0,0
981,"4, distributionBased",tid,SI,0.0,0
982,"4, distributionBased",tid,SASI,0.0,0
983,"4, distributionBased",tid,CHEI,0.0,0
984,"4, distributionBased",tid,CI,0.0,0
985,"4, distributionBased",tid,VARI,0.0,0
986,"4, distributionBased",assay_organism,ASSI,0.0,0
987,"4, distributionBased",assay_organism,CUB,0.0,0
988,"4, distributionBased",assay_organism,ASSUBCELFRAC,0.0,0
989,"4, distributionBased",assay_organism,ASTI,0.0,0
990,"4, distributionBased",assay_organism,TISI,0.0,0
991,"4, distributionBased",assay_organism,Desc,0.0,0
992,"4, distributionBased",assay_organism,Ti,0.0,0
993,"4, distributionBased",assay_organism,ASORG,0.0,1
994,"4, distributionBased",assay_organism,DI,0.0,0
995,"4, distributionBased",assay_organism,BAFO,0.0,0
996,"4, distributionBased",assay_organism,ASSST,0.0,0
997,"4, distributionBased",assay_organism,CONFISC,0.0,0
998,"4, distributionBased",assay_organism,SI,0.0,0
999,"4, distributionBased",assay_organism,SASI,0.0,0
1000,"4, distributionBased",assay_organism,CHEI,0.0,0
1001,"4, distributionBased",assay_organism,CI,0.0,0
1002,"4, distributionBased",assay_organism,VARI,0.0,0
1003,"4, distributionBased",doc_id,ASSI,0.8729926582568994,0
1004,"4, distributionBased",doc_id,CUB,0.0,0
1005,"4, distributionBased",doc_id,ASSUBCELFRAC,0.0,0
1006,"4, distributionBased",doc_id,ASTI,0.0,0
1007,"4, distributionBased",doc_id,TISI,0.0,0
1008,"4, distributionBased",doc_id,Desc,0.0,0
1009,"4, distributionBased",doc_id,Ti,0.0,0
1010,"4, distributionBased",doc_id,ASORG,0.0,0
1011,"4, distributionBased",doc_id,DI,0.95197334614294,1
1012,"4, distributionBased",doc_id,BAFO,0.0,0
1013,"4, distributionBased",doc_id,ASSST,0.0,0
1014,"4, distributionBased",doc_id,CONFISC,0.0,0
1015,"4, distributionBased",doc_id,SI,0.0,0
1016,"4, distributionBased",doc_id,SASI,0.0,0
1017,"4, distributionBased",doc_id,CHEI,0.0,0
1018,"4, distributionBased",doc_id,CI,0.0,0
1019,"4, distributionBased",doc_id,VARI,0.0,0
1020,"4, distributionBased",bao_format,ASSI,0.0,0
1021,"4, distributionBased",bao_format,CUB,0.0,0
1022,"4, distributionBased",bao_format,ASSUBCELFRAC,0.0,0
1023,"4, distributionBased",bao_format,ASTI,0.0,0
1024,"4, distributionBased",bao_format,TISI,0.0,0
1025,"4, distributionBased",bao_format,Desc,0.0,0
1026,"4, distributionBased",bao_format,Ti,0.0,0
1027,"4, distributionBased",bao_format,ASORG,0.0,0
1028,"4, distributionBased",bao_format,DI,0.0,0
1029,"4, distributionBased",bao_format,BAFO,0.0,1
1030,"4, distributionBased",bao_format,ASSST,0.0,0
1031,"4, distributionBased",bao_format,CONFISC,0.0,0
1032,"4, distributionBased",bao_format,SI,0.0,0
1033,"4, distributionBased",bao_format,SASI,0.0,0
1034,"4, distributionBased",bao_format,CHEI,0.0,0
1035,"4, distributionBased",bao_format,CI,0.0,0
1036,"4, distributionBased",bao_format,VARI,0.0,0
1037,"4, distributionBased",assay_strain,ASSI,0.0,0
1038,"4, distributionBased",assay_strain,CUB,0.0,0
1039,"4, distributionBased",assay_strain,ASSUBCELFRAC,0.0,0
1040,"4, distributionBased",assay_strain,ASTI,0.0,0
1041,"4, distributionBased",assay_strain,TISI,0.0,0
1042,"4, distributionBased",assay_strain,Desc,0.0,0
1043,"4, distributionBased",assay_strain,Ti,0.0,0
1044,"4, distributionBased",assay_strain,ASORG,0.0,0
1045,"4, distributionBased",assay_strain,DI,0.0,0
1046,"4, distributionBased",assay_strain,BAFO,0.0,0
1047,"4, distributionBased",assay_strain,ASSST,0.0,1
1048,"4, distributionBased",assay_strain,CONFISC,0.0,0
1049,"4, distributionBased",assay_strain,SI,0.0,0
1050,"4, distributionBased",assay_strain,SASI,0.0,0
1051,"4, distributionBased",assay_strain,CHEI,0.0,0
1052,"4, distributionBased",assay_strain,CI,0.0,0
1053,"4, distributionBased",assay_strain,VARI,0.0,0
1054,"4, distributionBased",assay_type,ASSI,0.0,0
1055,"4, distributionBased",assay_type,CUB,0.0,0
1056,"4, distributionBased",assay_type,ASSUBCELFRAC,0.0,0
1057,"4, distributionBased",assay_type,ASTI,0.0,0
1058,"4, distributionBased",assay_type,TISI,0.0,0
1059,"4, distributionBased",assay_type,Desc,0.0,0
1060,"4, distributionBased",assay_type,Ti,0.0,0
1061,"4, distributionBased",assay_type,ASORG,0.0,0
1062,"4, distributionBased",assay_type,DI,0.0,0
1063,"4, distributionBased",assay_type,BAFO,0.0,0
1064,"4, distributionBased",assay_type,ASSST,0.0,0
1065,"4, distributionBased",assay_type,CONFISC,0.0,0
1066,"4, distributionBased",assay_type,SI,0.0,0
1067,"4, distributionBased",assay_type,SASI,0.0,0
1068,"4, distributionBased",assay_type,CHEI,0.0,0
1069,"4, distributionBased",assay_type,CI,0.0,0
1070,"4, distributionBased",assay_type,VARI,0.0,0
1071,"4, distributionBased",assay_test_type,ASSI,0.0,0
1072,"4, distributionBased",assay_test_type,CUB,0.0,0
1073,"4, distributionBased",assay_test_type,ASSUBCELFRAC,0.0,0
1074,"4, distributionBased",assay_test_type,ASTI,0.0,0
1075,"4, distributionBased",assay_test_type,TISI,0.0,0
1076,"4, distributionBased",assay_test_type,Desc,0.0,0
1077,"4, distributionBased",assay_test_type,Ti,0.0,0
1078,"4, distributionBased",assay_test_type,ASORG,0.0,0
1079,"4, distributionBased",assay_test_type,DI,0.0,0
1080,"4, distributionBased",assay_test_type,BAFO,0.0,0
1081,"4, distributionBased",assay_test_type,ASSST,0.0,0
1082,"4, distributionBased",assay_test_type,CONFISC,0.0,0
1083,"4, distributionBased",assay_test_type,SI,0.0,0
1084,"4, distributionBased",assay_test_type,SASI,0.0,0
1085,"4, distributionBased",assay_test_type,CHEI,0.0,0
1086,"4, distributionBased",assay_test_type,CI,0.0,0
1087,"4, distributionBased",assay_test_type,VARI,0.0,0
1088,"4, distributionBased",assay_category,ASSI,0.0,0
1089,"4, distributionBased",assay_category,CUB,0.0,0
1090,"4, distributionBased",assay_category,ASSUBCELFRAC,0.0,0
1091,"4, distributionBased",assay_category,ASTI,0.0,0
1092,"4, distributionBased",assay_category,TISI,0.0,0
1093,"4, distributionBased",assay_category,Desc,0.0,0
1094,"4, distributionBased",assay_category,Ti,0.0,0
1095,"4, distributionBased",assay_category,ASORG,0.0,0
1096,"4, distributionBased",assay_category,DI,0.0,0
1097,"4, distributionBased",assay_category,BAFO,0.0,0
1098,"4, distributionBased",assay_category,ASSST,0.0,0
1099,"4, distributionBased",assay_category,CONFISC,0.0,0
1100,"4, distributionBased",assay_category,SI,0.0,0
1101,"4, distributionBased",assay_category,SASI,0.0,0
1102,"4, distributionBased",assay_category,CHEI,0.0,0
1103,"4, distributionBased",assay_category,CI,0.0,0
1104,"4, distributionBased",assay_category,VARI,0.0,0
1105,"4, distributionBased",assay_tax_id,ASSI,0.0,0
1106,"4, distributionBased",assay_tax_id,CUB,0.0,0
1107,"4, distributionBased",assay_tax_id,ASSUBCELFRAC,0.0,0
1108,"4, distributionBased",assay_tax_id,ASTI,0.0,0
1109,"4, distributionBased",assay_tax_id,TISI,0.0,0
1110,"4, distributionBased",assay_tax_id,Desc,0.0,0
1111,"4, distributionBased",assay_tax_id,Ti,0.0,0
1112,"4, distributionBased",assay_tax_id,ASORG,0.0,0
1113,"4, distributionBased",assay_tax_id,DI,0.0,0
1114,"4, distributionBased",assay_tax_id,BAFO,0.0,0
1115,"4, distributionBased",assay_tax_id,ASSST,0.0,0
1116,"4, distributionBased",assay_tax_id,CONFISC,0.0,0
1117,"4, distributionBased",assay_tax_id,SI,0.0,0
1118,"4, distributionBased",assay_tax_id,SASI,0.0,0
1119,"4, distributionBased",assay_tax_id,CHEI,0.0,0
1120,"4, distributionBased",assay_tax_id,CI,0.0,0
1121,"4, distributionBased",assay_tax_id,VARI,0.0,0
1122,"4, distributionBased",assay_cell_type,ASSI,0.0,0
1123,"4, distributionBased",assay_cell_type,CUB,0.0,0
1124,"4, distributionBased",assay_cell_type,ASSUBCELFRAC,0.0,0
1125,"4, distributionBased",assay_cell_type,ASTI,0.0,0
1126,"4, distributionBased",assay_cell_type,TISI,0.0,0
1127,"4, distributionBased",assay_cell_type,Desc,0.0,0
1128,"4, distributionBased",assay_cell_type,Ti,0.0,0
1129,"4, distributionBased",assay_cell_type,ASORG,0.0,0
1130,"4, distributionBased",assay_cell_type,DI,0.0,0
1131,"4, distributionBased",assay_cell_type,BAFO,0.0,0
1132,"4, distributionBased",assay_cell_type,ASSST,0.0,0
1133,"4, distributionBased",assay_cell_type,CONFISC,0.0,0
1134,"4, distributionBased",assay_cell_type,SI,0.0,0
1135,"4, distributionBased",assay_cell_type,SASI,0.0,0
1136,"4, distributionBased",assay_cell_type,CHEI,0.0,0
1137,"4, distributionBased",assay_cell_type,CI,0.0,0
1138,"4, distributionBased",assay_cell_type,VARI,0.0,0
1139,"4, distributionBased",relationship_type,ASSI,0.0,0
1140,"4, distributionBased",relationship_type,CUB,0.0,0
1141,"4, distributionBased",relationship_type,ASSUBCELFRAC,0.0,0
1142,"4, distributionBased",relationship_type,ASTI,0.0,0
1143,"4, distributionBased",relationship_type,TISI,0.0,0
1144,"4, distributionBased",relationship_type,Desc,0.0,0
1145,"4, distributionBased",relationship_type,Ti,0.0,0
1146,"4, distributionBased",relationship_type,ASORG,0.0,0
1147,"4, distributionBased",relationship_type,DI,0.0,0
1148,"4, distributionBased",relationship_type,BAFO,0.0,0
1149,"4, distributionBased",relationship_type,ASSST,0.0,0
1150,"4, distributionBased",relationship_type,CONFISC,0.0,0
1151,"4, distributionBased",relationship_type,SI,0.0,0
1152,"4, distributionBased",relationship_type,SASI,0.0,0
1153,"4, distributionBased",relationship_type,CHEI,0.0,0
1154,"4, distributionBased",relationship_type,CI,0.0,0
1155,"4, distributionBased",relationship_type,VARI,0.0,0
1156,"5, jaccardLevenMatcher",assay_id,ASSI,1.0,1
1157,"5, jaccardLevenMatcher",assay_id,CUB,0.0004,0
1158,"5, jaccardLevenMatcher",assay_id,ASSUBCELFRAC,0.0001333333333333,0
1159,"5, jaccardLevenMatcher",assay_id,ASTI,0.0054666666666666,0
1160,"5, jaccardLevenMatcher",assay_id,TISI,0.0053333333333333,0
1161,"5, jaccardLevenMatcher",assay_id,Desc,0.936,0
1162,"5, jaccardLevenMatcher",assay_id,Ti,0.0033333333333333,0
1163,"5, jaccardLevenMatcher",assay_id,ASORG,0.004,0
1164,"5, jaccardLevenMatcher",assay_id,DI,0.1409333333333333,0
1165,"5, jaccardLevenMatcher",assay_id,BAFO,0.0010666666666666,0
1166,"5, jaccardLevenMatcher",assay_id,ASSST,0.0001333333333333,0
1167,"5, jaccardLevenMatcher",assay_id,CONFISC,0.0005333333333333,0
1168,"5, jaccardLevenMatcher",assay_id,SI,0.0001333333333333,0
1169,"5, jaccardLevenMatcher",assay_id,SASI,0.0,0
1170,"5, jaccardLevenMatcher",assay_id,CHEI,1.0,0
1171,"5, jaccardLevenMatcher",assay_id,CI,0.0002666666666666,0
1172,"5, jaccardLevenMatcher",assay_id,VARI,0.0,0
1173,"5, jaccardLevenMatcher",curated_by,ASSI,0.0004,0
1174,"5, jaccardLevenMatcher",curated_by,CUB,1.0,1
1175,"5, jaccardLevenMatcher",curated_by,ASSUBCELFRAC,0.3333333333333333,0
1176,"5, jaccardLevenMatcher",curated_by,ASTI,0.073170731707317,0
1177,"5, jaccardLevenMatcher",curated_by,TISI,0.075,0
1178,"5, jaccardLevenMatcher",curated_by,Desc,0.0004273504273504,0
1179,"5, jaccardLevenMatcher",curated_by,Ti,0.12,0
1180,"5, jaccardLevenMatcher",curated_by,ASORG,0.1,0
1181,"5, jaccardLevenMatcher",curated_by,DI,0.0028382213812677,0
1182,"5, jaccardLevenMatcher",curated_by,BAFO,0.375,0
1183,"5, jaccardLevenMatcher",curated_by,ASSST,0.3333333333333333,0
1184,"5, jaccardLevenMatcher",curated_by,CONFISC,0.75,0
1185,"5, jaccardLevenMatcher",curated_by,SI,0.3333333333333333,0
1186,"5, jaccardLevenMatcher",curated_by,SASI,0.0,0
1187,"5, jaccardLevenMatcher",curated_by,CHEI,0.0004,0
1188,"5, jaccardLevenMatcher",curated_by,CI,0.6666666666666666,0
1189,"5, jaccardLevenMatcher",curated_by,VARI,0.0,0
1190,"5, jaccardLevenMatcher",assay_subcellular_fraction,ASSI,0.0005333333333333,0
1191,"5, jaccardLevenMatcher",assay_subcellular_fraction,CUB,0.75,0
1192,"5, jaccardLevenMatcher",assay_subcellular_fraction,ASSUBCELFRAC,0.25,1
1193,"5, jaccardLevenMatcher",assay_subcellular_fraction,ASTI,0.0975609756097561,0
1194,"5, jaccardLevenMatcher",assay_subcellular_fraction,TISI,0.1,0
1195,"5, jaccardLevenMatcher",assay_subcellular_fraction,Desc,0.0005698005698005,0
1196,"5, jaccardLevenMatcher",assay_subcellular_fraction,Ti,0.16,0
1197,"5, jaccardLevenMatcher",assay_subcellular_fraction,ASORG,0.1333333333333333,0
1198,"5, jaccardLevenMatcher",assay_subcellular_fraction,DI,0.0037842951750236,0
1199,"5, jaccardLevenMatcher",assay_subcellular_fraction,BAFO,0.5,0
1200,"5, jaccardLevenMatcher",assay_subcellular_fraction,ASSST,0.25,0
1201,"5, jaccardLevenMatcher",assay_subcellular_fraction,CONFISC,1.0,0
1202,"5, jaccardLevenMatcher",assay_subcellular_fraction,SI,0.25,0
1203,"5, jaccardLevenMatcher",assay_subcellular_fraction,SASI,0.0,0
1204,"5, jaccardLevenMatcher",assay_subcellular_fraction,CHEI,0.0005333333333333,0
1205,"5, jaccardLevenMatcher",assay_subcellular_fraction,CI,0.5,0
1206,"5, jaccardLevenMatcher",assay_subcellular_fraction,VARI,0.0,0
1207,"5, jaccardLevenMatcher",assay_tissue,ASSI,0.0038666666666666,0
1208,"5, jaccardLevenMatcher",assay_tissue,CUB,0.1034482758620689,0
1209,"5, jaccardLevenMatcher",assay_tissue,ASSUBCELFRAC,0.0344827586206896,0
1210,"5, jaccardLevenMatcher",assay_tissue,ASTI,0.7073170731707317,1
1211,"5, jaccardLevenMatcher",assay_tissue,TISI,0.725,0
1212,"5, jaccardLevenMatcher",assay_tissue,Desc,0.0041310541310541,0
1213,"5, jaccardLevenMatcher",assay_tissue,Ti,0.8620689655172413,0
1214,"5, jaccardLevenMatcher",assay_tissue,ASORG,0.9666666666666668,0
1215,"5, jaccardLevenMatcher",assay_tissue,DI,0.0274361400189214,0
1216,"5, jaccardLevenMatcher",assay_tissue,BAFO,0.2758620689655172,0
1217,"5, jaccardLevenMatcher",assay_tissue,ASSST,0.0344827586206896,0
1218,"5, jaccardLevenMatcher",assay_tissue,CONFISC,0.1379310344827586,0
1219,"5, jaccardLevenMatcher",assay_tissue,SI,0.0344827586206896,0
1220,"5, jaccardLevenMatcher",assay_tissue,SASI,0.0,0
1221,"5, jaccardLevenMatcher",assay_tissue,CHEI,0.0038666666666666,0
1222,"5, jaccardLevenMatcher",assay_tissue,CI,0.0689655172413793,0
1223,"5, jaccardLevenMatcher",assay_tissue,VARI,0.0,0
1224,"5, jaccardLevenMatcher",tissue_id,ASSI,0.0038666666666666,0
1225,"5, jaccardLevenMatcher",tissue_id,CUB,0.1034482758620689,0
1226,"5, jaccardLevenMatcher",tissue_id,ASSUBCELFRAC,0.0344827586206896,0
1227,"5, jaccardLevenMatcher",tissue_id,ASTI,0.7073170731707317,0
1228,"5, jaccardLevenMatcher",tissue_id,TISI,0.725,1
1229,"5, jaccardLevenMatcher",tissue_id,Desc,0.0041310541310541,0
1230,"5, jaccardLevenMatcher",tissue_id,Ti,0.8620689655172413,0
1231,"5, jaccardLevenMatcher",tissue_id,ASORG,0.9666666666666668,0
1232,"5, jaccardLevenMatcher",tissue_id,DI,0.0274361400189214,0
1233,"5, jaccardLevenMatcher",tissue_id,BAFO,0.2758620689655172,0
1234,"5, jaccardLevenMatcher",tissue_id,ASSST,0.0344827586206896,0
1235,"5, jaccardLevenMatcher",tissue_id,CONFISC,0.1379310344827586,0
1236,"5, jaccardLevenMatcher",tissue_id,SI,0.0344827586206896,0
1237,"5, jaccardLevenMatcher",tissue_id,SASI,0.0,0
1238,"5, jaccardLevenMatcher",tissue_id,CHEI,0.0038666666666666,0
1239,"5, jaccardLevenMatcher",tissue_id,CI,0.0689655172413793,0
1240,"5, jaccardLevenMatcher",tissue_id,VARI,0.0,0
1241,"5, jaccardLevenMatcher",description,ASSI,0.9137333333333332,0
1242,"5, jaccardLevenMatcher",description,CUB,0.0004377644827083,0
1243,"5, jaccardLevenMatcher",description,ASSUBCELFRAC,0.0001459214942361,0
1244,"5, jaccardLevenMatcher",description,ASTI,0.0059827812636801,0
1245,"5, jaccardLevenMatcher",description,TISI,0.005836859769444,0
1246,"5, jaccardLevenMatcher",description,Desc,0.9762108262108262,1
1247,"5, jaccardLevenMatcher",description,Ti,0.0036480373559025,0
1248,"5, jaccardLevenMatcher",description,ASORG,0.004377644827083,0
1249,"5, jaccardLevenMatcher",description,DI,0.1542390194075587,0
1250,"5, jaccardLevenMatcher",description,BAFO,0.0011673719538888,0
1251,"5, jaccardLevenMatcher",description,ASSST,0.0001459214942361,0
1252,"5, jaccardLevenMatcher",description,CONFISC,0.0005836859769444,0
1253,"5, jaccardLevenMatcher",description,SI,0.0001459214942361,0
1254,"5, jaccardLevenMatcher",description,SASI,0.0,0
1255,"5, jaccardLevenMatcher",description,CHEI,0.9137333333333332,0
1256,"5, jaccardLevenMatcher",description,CI,0.0002918429884722,0
1257,"5, jaccardLevenMatcher",description,VARI,0.0,0
1258,"5, jaccardLevenMatcher",tid,ASSI,0.0326666666666666,0
1259,"5, jaccardLevenMatcher",tid,CUB,0.0122448979591836,0
1260,"5, jaccardLevenMatcher",tid,ASSUBCELFRAC,0.0040816326530612,0
1261,"5, jaccardLevenMatcher",tid,ASTI,0.1673469387755102,0
1262,"5, jaccardLevenMatcher",tid,TISI,0.1632653061224489,0
1263,"5, jaccardLevenMatcher",tid,Desc,0.0349002849002849,0
1264,"5, jaccardLevenMatcher",tid,Ti,0.1020408163265306,1
1265,"5, jaccardLevenMatcher",tid,ASORG,0.1224489795918367,0
1266,"5, jaccardLevenMatcher",tid,DI,0.2317880794701986,0
1267,"5, jaccardLevenMatcher",tid,BAFO,0.0326530612244898,0
1268,"5, jaccardLevenMatcher",tid,ASSST,0.0040816326530612,0
1269,"5, jaccardLevenMatcher",tid,CONFISC,0.0163265306122449,0
1270,"5, jaccardLevenMatcher",tid,SI,0.0040816326530612,0
1271,"5, jaccardLevenMatcher",tid,SASI,0.0,0
1272,"5, jaccardLevenMatcher",tid,CHEI,0.0326666666666666,0
1273,"5, jaccardLevenMatcher",tid,CI,0.0081632653061224,0
1274,"5, jaccardLevenMatcher",tid,VARI,0.0,0
1275,"5, jaccardLevenMatcher",assay_organism,ASSI,0.0081333333333333,0
1276,"5, jaccardLevenMatcher",assay_organism,CUB,0.0491803278688524,0
1277,"5, jaccardLevenMatcher",assay_organism,ASSUBCELFRAC,0.0163934426229508,0
1278,"5, jaccardLevenMatcher",assay_organism,ASTI,0.6721311475409836,0
1279,"5, jaccardLevenMatcher",assay_organism,TISI,0.6557377049180327,0
1280,"5, jaccardLevenMatcher",assay_organism,Desc,0.0086894586894586,0
1281,"5, jaccardLevenMatcher",assay_organism,Ti,0.4098360655737705,0
1282,"5, jaccardLevenMatcher",assay_organism,ASORG,0.4918032786885246,1
1283,"5, jaccardLevenMatcher",assay_organism,DI,0.0577105014191106,0
1284,"5, jaccardLevenMatcher",assay_organism,BAFO,0.1311475409836065,0
1285,"5, jaccardLevenMatcher",assay_organism,ASSST,0.0163934426229508,0
1286,"5, jaccardLevenMatcher",assay_organism,CONFISC,0.0655737704918032,0
1287,"5, jaccardLevenMatcher",assay_organism,SI,0.0163934426229508,0
1288,"5, jaccardLevenMatcher",assay_organism,SASI,0.0,0
1289,"5, jaccardLevenMatcher",assay_organism,CHEI,0.0081333333333333,0
1290,"5, jaccardLevenMatcher",assay_organism,CI,0.0327868852459016,0
1291,"5, jaccardLevenMatcher",assay_organism,VARI,0.0,0
1292,"5, jaccardLevenMatcher",doc_id,ASSI,0.2301333333333333,0
1293,"5, jaccardLevenMatcher",doc_id,CUB,0.0017381228273464,0
1294,"5, jaccardLevenMatcher",doc_id,ASSUBCELFRAC,0.0005793742757821,0
1295,"5, jaccardLevenMatcher",doc_id,ASTI,0.0237543453070683,0
1296,"5, jaccardLevenMatcher",doc_id,TISI,0.0231749710312862,0
1297,"5, jaccardLevenMatcher",doc_id,Desc,0.2458689458689458,0
1298,"5, jaccardLevenMatcher",doc_id,Ti,0.0144843568945538,0
1299,"5, jaccardLevenMatcher",doc_id,ASORG,0.0173812282734646,0
1300,"5, jaccardLevenMatcher",doc_id,DI,0.6123986095017381,1
1301,"5, jaccardLevenMatcher",doc_id,BAFO,0.0046349942062572,0
1302,"5, jaccardLevenMatcher",doc_id,ASSST,0.0005793742757821,0
1303,"5, jaccardLevenMatcher",doc_id,CONFISC,0.0023174971031286,0
1304,"5, jaccardLevenMatcher",doc_id,SI,0.0005793742757821,0
1305,"5, jaccardLevenMatcher",doc_id,SASI,0.0,0
1306,"5, jaccardLevenMatcher",doc_id,CHEI,0.2301333333333333,0
1307,"5, jaccardLevenMatcher",doc_id,CI,0.0011587485515643,0
1308,"5, jaccardLevenMatcher",doc_id,VARI,0.0,0
1309,"5, jaccardLevenMatcher",bao_format,ASSI,0.0017333333333333,0
1310,"5, jaccardLevenMatcher",bao_format,CUB,0.2307692307692307,0
1311,"5, jaccardLevenMatcher",bao_format,ASSUBCELFRAC,0.0769230769230769,0
1312,"5, jaccardLevenMatcher",bao_format,ASTI,0.3170731707317073,0
1313,"5, jaccardLevenMatcher",bao_format,TISI,0.325,0
1314,"5, jaccardLevenMatcher",bao_format,Desc,0.0018518518518518,0
1315,"5, jaccardLevenMatcher",bao_format,Ti,0.52,0
1316,"5, jaccardLevenMatcher",bao_format,ASORG,0.4333333333333333,0
1317,"5, jaccardLevenMatcher",bao_format,DI,0.0122989593188268,0
1318,"5, jaccardLevenMatcher",bao_format,BAFO,0.6153846153846154,1
1319,"5, jaccardLevenMatcher",bao_format,ASSST,0.0769230769230769,0
1320,"5, jaccardLevenMatcher",bao_format,CONFISC,0.3076923076923077,0
1321,"5, jaccardLevenMatcher",bao_format,SI,0.0769230769230769,0
1322,"5, jaccardLevenMatcher",bao_format,SASI,0.0,0
1323,"5, jaccardLevenMatcher",bao_format,CHEI,0.0017333333333333,0
1324,"5, jaccardLevenMatcher",bao_format,CI,0.1538461538461538,0
1325,"5, jaccardLevenMatcher",bao_format,VARI,0.0,0
1326,"5, jaccardLevenMatcher",assay_strain,ASSI,0.0001333333333333,0
1327,"5, jaccardLevenMatcher",assay_strain,CUB,0.3333333333333333,0
1328,"5, jaccardLevenMatcher",assay_strain,ASSUBCELFRAC,1.0,0
1329,"5, jaccardLevenMatcher",assay_strain,ASTI,0.024390243902439,0
1330,"5, jaccardLevenMatcher",assay_strain,TISI,0.025,0
1331,"5, jaccardLevenMatcher",assay_strain,Desc,0.0001424501424501,0
1332,"5, jaccardLevenMatcher",assay_strain,Ti,0.04,0
1333,"5, jaccardLevenMatcher",assay_strain,ASORG,0.0333333333333333,0
1334,"5, jaccardLevenMatcher",assay_strain,DI,0.0009460737937559,0
1335,"5, jaccardLevenMatcher",assay_strain,BAFO,0.125,0
1336,"5, jaccardLevenMatcher",assay_strain,ASSST,1.0,1
1337,"5, jaccardLevenMatcher",assay_strain,CONFISC,0.25,0
1338,"5, jaccardLevenMatcher",assay_strain,SI,1.0,0
1339,"5, jaccardLevenMatcher",assay_strain,SASI,0.0,0
1340,"5, jaccardLevenMatcher",assay_strain,CHEI,0.0001333333333333,0
1341,"5, jaccardLevenMatcher",assay_strain,CI,0.5,0
1342,"5, jaccardLevenMatcher",assay_strain,VARI,0.0,0
1343,"5, jaccardLevenMatcher",assay_type,ASSI,0.0005333333333333,0
1344,"5, jaccardLevenMatcher",assay_type,CUB,0.75,0
1345,"5, jaccardLevenMatcher",assay_type,ASSUBCELFRAC,0.25,0
1346,"5, jaccardLevenMatcher",assay_type,ASTI,0.0975609756097561,0
1347,"5, jaccardLevenMatcher",assay_type,TISI,0.1,0
1348,"5, jaccardLevenMatcher",assay_type,Desc,0.0005698005698005,0
1349,"5, jaccardLevenMatcher",assay_type,Ti,0.16,0
1350,"5, jaccardLevenMatcher",assay_type,ASORG,0.1333333333333333,0
1351,"5, jaccardLevenMatcher",assay_type,DI,0.0037842951750236,0
1352,"5, jaccardLevenMatcher",assay_type,BAFO,0.5,0
1353,"5, jaccardLevenMatcher",assay_type,ASSST,0.25,0
1354,"5, jaccardLevenMatcher",assay_type,CONFISC,1.0,0
1355,"5, jaccardLevenMatcher",assay_type,SI,0.25,0
1356,"5, jaccardLevenMatcher",assay_type,SASI,0.0,0
1357,"5, jaccardLevenMatcher",assay_type,CHEI,0.0005333333333333,0
1358,"5, jaccardLevenMatcher",assay_type,CI,0.5,0
1359,"5, jaccardLevenMatcher",assay_type,VARI,0.0,0
1360,"5, jaccardLevenMatcher",assay_test_type,ASSI,0.0002666666666666,0
1361,"5, jaccardLevenMatcher",assay_test_type,CUB,0.6666666666666666,0
1362,"5, jaccardLevenMatcher",assay_test_type,ASSUBCELFRAC,0.5,0
1363,"5, jaccardLevenMatcher",assay_test_type,ASTI,0.048780487804878,0
1364,"5, jaccardLevenMatcher",assay_test_type,TISI,0.05,0
1365,"5, jaccardLevenMatcher",assay_test_type,Desc,0.0002849002849002,0
1366,"5, jaccardLevenMatcher",assay_test_type,Ti,0.08,0
1367,"5, jaccardLevenMatcher",assay_test_type,ASORG,0.0666666666666666,0
1368,"5, jaccardLevenMatcher",assay_test_type,DI,0.0018921475875118,0
1369,"5, jaccardLevenMatcher",assay_test_type,BAFO,0.25,0
1370,"5, jaccardLevenMatcher",assay_test_type,ASSST,0.5,0
1371,"5, jaccardLevenMatcher",assay_test_type,CONFISC,0.5,0
1372,"5, jaccardLevenMatcher",assay_test_type,SI,0.5,0
1373,"5, jaccardLevenMatcher",assay_test_type,SASI,0.0,0
1374,"5, jaccardLevenMatcher",assay_test_type,CHEI,0.0002666666666666,0
1375,"5, jaccardLevenMatcher",assay_test_type,CI,1.0,0
1376,"5, jaccardLevenMatcher",assay_test_type,VARI,0.0,0
1377,"5, jaccardLevenMatcher",assay_category,ASSI,0.0,0
1378,"5, jaccardLevenMatcher",assay_category,CUB,0.0,0
1379,"5, jaccardLevenMatcher",assay_category,ASSUBCELFRAC,0.0,0
1380,"5, jaccardLevenMatcher",assay_category,ASTI,0.0,0
1381,"5, jaccardLevenMatcher",assay_category,TISI,0.0,0
1382,"5, jaccardLevenMatcher",assay_category,Desc,0.0,0
1383,"5, jaccardLevenMatcher",assay_category,Ti,0.0,0
1384,"5, jaccardLevenMatcher",assay_category,ASORG,0.0,0
1385,"5, jaccardLevenMatcher",assay_category,DI,0.0,0
1386,"5, jaccardLevenMatcher",assay_category,BAFO,0.0,0
1387,"5, jaccardLevenMatcher",assay_category,ASSST,0.0,0
1388,"5, jaccardLevenMatcher",assay_category,CONFISC,0.0,0
1389,"5, jaccardLevenMatcher",assay_category,SI,0.0,0
1390,"5, jaccardLevenMatcher",assay_category,SASI,0.0,0
1391,"5, jaccardLevenMatcher",assay_category,CHEI,0.0,0
1392,"5, jaccardLevenMatcher",assay_category,CI,0.0,0
1393,"5, jaccardLevenMatcher",assay_category,VARI,0.0,0
1394,"5, jaccardLevenMatcher",assay_tax_id,ASSI,0.0073333333333333,0
1395,"5, jaccardLevenMatcher",assay_tax_id,CUB,0.0545454545454545,0
1396,"5, jaccardLevenMatcher",assay_tax_id,ASSUBCELFRAC,0.0181818181818181,0
1397,"5, jaccardLevenMatcher",assay_tax_id,ASTI,0.7454545454545455,0
1398,"5, jaccardLevenMatcher",assay_tax_id,TISI,0.7272727272727273,0
1399,"5, jaccardLevenMatcher",assay_tax_id,Desc,0.0078347578347578,0
1400,"5, jaccardLevenMatcher",assay_tax_id,Ti,0.4545454545454545,0
1401,"5, jaccardLevenMatcher",assay_tax_id,ASORG,0.5454545454545454,0
1402,"5, jaccardLevenMatcher",assay_tax_id,DI,0.0520340586565752,0
1403,"5, jaccardLevenMatcher",assay_tax_id,BAFO,0.1454545454545454,0
1404,"5, jaccardLevenMatcher",assay_tax_id,ASSST,0.0181818181818181,0
1405,"5, jaccardLevenMatcher",assay_tax_id,CONFISC,0.0727272727272727,0
1406,"5, jaccardLevenMatcher",assay_tax_id,SI,0.0181818181818181,0
1407,"5, jaccardLevenMatcher",assay_tax_id,SASI,0.0,0
1408,"5, jaccardLevenMatcher",assay_tax_id,CHEI,0.0073333333333333,0
1409,"5, jaccardLevenMatcher",assay_tax_id,CI,0.0363636363636363,0
1410,"5, jaccardLevenMatcher",assay_tax_id,VARI,0.0,0
1411,"5, jaccardLevenMatcher",assay_cell_type,ASSI,0.0114666666666666,0
1412,"5, jaccardLevenMatcher",assay_cell_type,CUB,0.0348837209302325,0
1413,"5, jaccardLevenMatcher",assay_cell_type,ASSUBCELFRAC,0.0116279069767441,0
1414,"5, jaccardLevenMatcher",assay_cell_type,ASTI,0.4767441860465116,0
1415,"5, jaccardLevenMatcher",assay_cell_type,TISI,0.4651162790697674,0
1416,"5, jaccardLevenMatcher",assay_cell_type,Desc,0.0122507122507122,0
1417,"5, jaccardLevenMatcher",assay_cell_type,Ti,0.2906976744186046,0
1418,"5, jaccardLevenMatcher",assay_cell_type,ASORG,0.3488372093023256,0
1419,"5, jaccardLevenMatcher",assay_cell_type,DI,0.0813623462630085,0
1420,"5, jaccardLevenMatcher",assay_cell_type,BAFO,0.0930232558139534,0
1421,"5, jaccardLevenMatcher",assay_cell_type,ASSST,0.0116279069767441,0
1422,"5, jaccardLevenMatcher",assay_cell_type,CONFISC,0.0465116279069767,0
1423,"5, jaccardLevenMatcher",assay_cell_type,SI,0.0116279069767441,0
1424,"5, jaccardLevenMatcher",assay_cell_type,SASI,0.0,0
1425,"5, jaccardLevenMatcher",assay_cell_type,CHEI,0.0114666666666666,0
1426,"5, jaccardLevenMatcher",assay_cell_type,CI,0.0232558139534883,0
1427,"5, jaccardLevenMatcher",assay_cell_type,VARI,0.0,0
1428,"5, jaccardLevenMatcher",relationship_type,ASSI,0.0008,0
1429,"5, jaccardLevenMatcher",relationship_type,CUB,0.5,0
1430,"5, jaccardLevenMatcher",relationship_type,ASSUBCELFRAC,0.1666666666666666,0
1431,"5, jaccardLevenMatcher",relationship_type,ASTI,0.1463414634146341,0
1432,"5, jaccardLevenMatcher",relationship_type,TISI,0.15,0
1433,"5, jaccardLevenMatcher",relationship_type,Desc,0.0008547008547008,0
1434,"5, jaccardLevenMatcher",relationship_type,Ti,0.24,0
1435,"5, jaccardLevenMatcher",relationship_type,ASORG,0.2,0
1436,"5, jaccardLevenMatcher",relationship_type,DI,0.0056764427625354,0
1437,"5, jaccardLevenMatcher",relationship_type,BAFO,0.75,0
1438,"5, jaccardLevenMatcher",relationship_type,ASSST,0.1666666666666666,0
1439,"5, jaccardLevenMatcher",relationship_type,CONFISC,0.6666666666666666,0
1440,"5, jaccardLevenMatcher",relationship_type,SI,0.1666666666666666,0
1441,"5, jaccardLevenMatcher",relationship_type,SASI,0.0,0
1442,"5, jaccardLevenMatcher",relationship_type,CHEI,0.0008,0
1443,"5, jaccardLevenMatcher",relationship_type,CI,0.3333333333333333,0
1444,"5, jaccardLevenMatcher",relationship_type,VARI,0.0,0
1445,"6, similarityFlooding",assay_id,ASSI,0.0583541354196419,1
1446,"6, similarityFlooding",assay_id,CUB,0.0570398564951641,0
1447,"6, similarityFlooding",assay_id,ASSUBCELFRAC,0.0570398564951641,0
1448,"6, similarityFlooding",assay_id,ASTI,0.0570398564951641,0
1449,"6, similarityFlooding",assay_id,TISI,0.0578747404180589,0
1450,"6, similarityFlooding",assay_id,Desc,0.0730287866536357,0
1451,"6, similarityFlooding",assay_id,Ti,0.0775408516098079,0
1452,"6, similarityFlooding",assay_id,ASORG,0.0570398564951641,0
1453,"6, similarityFlooding",assay_id,DI,0.0583541354196419,0
1454,"6, similarityFlooding",assay_id,BAFO,0.0570398564951641,0
1455,"6, similarityFlooding",assay_id,ASSST,0.0570398564951641,0
1456,"6, similarityFlooding",assay_id,CONFISC,0.0583541354196419,0
1457,"6, similarityFlooding",assay_id,SI,0.0583541354196419,0
1458,"6, similarityFlooding",assay_id,SASI,0.0577821892660819,0
1459,"6, similarityFlooding",assay_id,CHEI,0.0570398564951641,0
1460,"6, similarityFlooding",assay_id,CI,0.0578747404180589,0
1461,"6, similarityFlooding",assay_id,VARI,0.0577821892660819,0
1462,"6, similarityFlooding",curated_by,ASSI,0.0572105813928463,0
1463,"6, similarityFlooding",curated_by,CUB,0.0579890264265518,1
1464,"6, similarityFlooding",curated_by,ASSUBCELFRAC,0.0579890264265518,0
1465,"6, similarityFlooding",curated_by,ASTI,0.0579890264265518,0
1466,"6, similarityFlooding",curated_by,TISI,0.0569314302703873,0
1467,"6, similarityFlooding",curated_by,Desc,0.0716938237052419,0
1468,"6, similarityFlooding",curated_by,Ti,0.0572105813928463,0
1469,"6, similarityFlooding",curated_by,ASORG,0.0579890264265518,0
1470,"6, similarityFlooding",curated_by,DI,0.0572105813928463,0
1471,"6, similarityFlooding",curated_by,BAFO,0.0579890264265518,0
1472,"6, similarityFlooding",curated_by,ASSST,0.0579890264265518,0
1473,"6, similarityFlooding",curated_by,CONFISC,0.0572105813928463,0
1474,"6, similarityFlooding",curated_by,SI,0.0572105813928463,0
1475,"6, similarityFlooding",curated_by,SASI,0.0569144408046939,0
1476,"6, similarityFlooding",curated_by,CHEI,0.0579890264265518,0
1477,"6, similarityFlooding",curated_by,CI,0.0569314302703873,0
1478,"6, similarityFlooding",curated_by,VARI,0.0569144408046939,0
1479,"6, similarityFlooding",assay_subcellular_fraction,ASSI,0.0572105813928463,0
1480,"6, similarityFlooding",assay_subcellular_fraction,CUB,0.0579890264265518,0
1481,"6, similarityFlooding",assay_subcellular_fraction,ASSUBCELFRAC,0.0579890264265518,1
1482,"6, similarityFlooding",assay_subcellular_fraction,ASTI,0.0579890264265518,0
1483,"6, similarityFlooding",assay_subcellular_fraction,TISI,0.0569314302703873,0
1484,"6, similarityFlooding",assay_subcellular_fraction,Desc,0.0707801705533292,0
1485,"6, similarityFlooding",assay_subcellular_fraction,Ti,0.0640629800321913,0
1486,"6, similarityFlooding",assay_subcellular_fraction,ASORG,0.0579890264265518,0
1487,"6, similarityFlooding",assay_subcellular_fraction,DI,0.0572105813928463,0
1488,"6, similarityFlooding",assay_subcellular_fraction,BAFO,0.0579890264265518,0
1489,"6, similarityFlooding",assay_subcellular_fraction,ASSST,0.0579890264265518,0
1490,"6, similarityFlooding",assay_subcellular_fraction,CONFISC,0.0572105813928463,0
1491,"6, similarityFlooding",assay_subcellular_fraction,SI,0.0572105813928463,0
1492,"6, similarityFlooding",assay_subcellular_fraction,SASI,0.0569144408046939,0
1493,"6, similarityFlooding",assay_subcellular_fraction,CHEI,0.0579890264265518,0
1494,"6, similarityFlooding",assay_subcellular_fraction,CI,0.0569314302703873,0
1495,"6, similarityFlooding",assay_subcellular_fraction,VARI,0.0569144408046939,0
1496,"6, similarityFlooding",assay_tissue,ASSI,0.0572105813928463,0
1497,"6, similarityFlooding",assay_tissue,CUB,0.0579890264265518,0
1498,"6, similarityFlooding",assay_tissue,ASSUBCELFRAC,0.0579890264265518,0
1499,"6, similarityFlooding",assay_tissue,ASTI,0.0579890264265518,1
1500,"6, similarityFlooding",assay_tissue,TISI,0.0569314302703873,0
1501,"6, similarityFlooding",assay_tissue,Desc,0.0699807240454056,0
1502,"6, similarityFlooding",assay_tissue,Ti,0.0709153786715363,0
1503,"6, similarityFlooding",assay_tissue,ASORG,0.0579890264265518,0
1504,"6, similarityFlooding",assay_tissue,DI,0.0572105813928463,0
1505,"6, similarityFlooding",assay_tissue,BAFO,0.0579890264265518,0
1506,"6, similarityFlooding",assay_tissue,ASSST,0.0579890264265518,0
1507,"6, similarityFlooding",assay_tissue,CONFISC,0.0572105813928463,0
1508,"6, similarityFlooding",assay_tissue,SI,0.0572105813928463,0
1509,"6, similarityFlooding",assay_tissue,SASI,0.0569144408046939,0
1510,"6, similarityFlooding",assay_tissue,CHEI,0.0579890264265518,0
1511,"6, similarityFlooding",assay_tissue,CI,0.0569314302703873,0
1512,"6, similarityFlooding",assay_tissue,VARI,0.0569144408046939,0
1513,"6, similarityFlooding",tissue_id,ASSI,0.0574854964796069,0
1514,"6, similarityFlooding",tissue_id,CUB,0.057092054827823,0
1515,"6, similarityFlooding",tissue_id,ASSUBCELFRAC,0.057092054827823,0
1516,"6, similarityFlooding",tissue_id,ASTI,0.057092054827823,0
1517,"6, similarityFlooding",tissue_id,TISI,0.0599663835024446,1
1518,"6, similarityFlooding",tissue_id,Desc,0.0718510672817969,0
1519,"6, similarityFlooding",tissue_id,Ti,0.0749279657433941,0
1520,"6, similarityFlooding",tissue_id,ASORG,0.057092054827823,0
1521,"6, similarityFlooding",tissue_id,DI,0.0574854964796069,0
1522,"6, similarityFlooding",tissue_id,BAFO,0.057092054827823,0
1523,"6, similarityFlooding",tissue_id,ASSST,0.057092054827823,0
1524,"6, similarityFlooding",tissue_id,CONFISC,0.0574854964796069,0
1525,"6, similarityFlooding",tissue_id,SI,0.0574854964796069,0
1526,"6, similarityFlooding",tissue_id,SASI,0.0595811102788112,0
1527,"6, similarityFlooding",tissue_id,CHEI,0.057092054827823,0
1528,"6, similarityFlooding",tissue_id,CI,0.0599663835024446,0
1529,"6, similarityFlooding",tissue_id,VARI,0.0595811102788112,0
1530,"6, similarityFlooding",description,ASSI,0.0572105813928463,0
1531,"6, similarityFlooding",description,CUB,0.0579890264265518,0
1532,"6, similarityFlooding",description,ASSUBCELFRAC,0.0579890264265518,0
1533,"6, similarityFlooding",description,ASTI,0.0579890264265518,0
1534,"6, similarityFlooding",description,TISI,0.0569314302703873,0
1535,"6, similarityFlooding",description,Desc,0.0963624588068838,1
1536,"6, similarityFlooding",description,Ti,0.0719695938468202,0
1537,"6, similarityFlooding",description,ASORG,0.0579890264265518,0
1538,"6, similarityFlooding",description,DI,0.0572105813928463,0
1539,"6, similarityFlooding",description,BAFO,0.0579890264265518,0
1540,"6, similarityFlooding",description,ASSST,0.0579890264265518,0
1541,"6, similarityFlooding",description,CONFISC,0.0572105813928463,0
1542,"6, similarityFlooding",description,SI,0.0572105813928463,0
1543,"6, similarityFlooding",description,SASI,0.0569144408046939,0
1544,"6, similarityFlooding",description,CHEI,0.0579890264265518,0
1545,"6, similarityFlooding",description,CI,0.0569314302703873,0
1546,"6, similarityFlooding",description,VARI,0.0569144408046939,0
1547,"6, similarityFlooding",tid,ASSI,0.0583541354196419,0
1548,"6, similarityFlooding",tid,CUB,0.0570398564951641,0
1549,"6, similarityFlooding",tid,ASSUBCELFRAC,0.0570398564951641,0
1550,"6, similarityFlooding",tid,ASTI,0.0570398564951641,0
1551,"6, similarityFlooding",tid,TISI,0.0578747404180589,0
1552,"6, similarityFlooding",tid,Desc,0.0570398564951641,0
1553,"6, similarityFlooding",tid,Ti,0.0967275677999739,1
1554,"6, similarityFlooding",tid,ASORG,0.0570398564951641,0
1555,"6, similarityFlooding",tid,DI,0.0583541354196419,0
1556,"6, similarityFlooding",tid,BAFO,0.0570398564951641,0
1557,"6, similarityFlooding",tid,ASSST,0.0570398564951641,0
1558,"6, similarityFlooding",tid,CONFISC,0.0583541354196419,0
1559,"6, similarityFlooding",tid,SI,0.0583541354196419,0
1560,"6, similarityFlooding",tid,SASI,0.0577821892660819,0
1561,"6, similarityFlooding",tid,CHEI,0.0570398564951641,0
1562,"6, similarityFlooding",tid,CI,0.0578747404180589,0
1563,"6, similarityFlooding",tid,VARI,0.0577821892660819,0
1564,"6, similarityFlooding",assay_organism,ASSI,0.0572105813928463,0
1565,"6, similarityFlooding",assay_organism,CUB,0.0579890264265518,0
1566,"6, similarityFlooding",assay_organism,ASSUBCELFRAC,0.0579890264265518,0
1567,"6, similarityFlooding",assay_organism,ASTI,0.0579890264265518,0
1568,"6, similarityFlooding",assay_organism,TISI,0.0569314302703873,0
1569,"6, similarityFlooding",assay_organism,Desc,0.0686483131988663,0
1570,"6, similarityFlooding",assay_organism,Ti,0.0692022790117001,0
1571,"6, similarityFlooding",assay_organism,ASORG,0.0579890264265518,1
1572,"6, similarityFlooding",assay_organism,DI,0.0572105813928463,0
1573,"6, similarityFlooding",assay_organism,BAFO,0.0579890264265518,0
1574,"6, similarityFlooding",assay_organism,ASSST,0.0579890264265518,0
1575,"6, similarityFlooding",assay_organism,CONFISC,0.0572105813928463,0
1576,"6, similarityFlooding",assay_organism,SI,0.0572105813928463,0
1577,"6, similarityFlooding",assay_organism,SASI,0.0569144408046939,0
1578,"6, similarityFlooding",assay_organism,CHEI,0.0579890264265518,0
1579,"6, similarityFlooding",assay_organism,CI,0.0569314302703873,0
1580,"6, similarityFlooding",assay_organism,VARI,0.0569144408046939,0
1581,"6, similarityFlooding",doc_id,ASSI,0.0583541354196419,0
1582,"6, similarityFlooding",doc_id,CUB,0.0570398564951641,0
1583,"6, similarityFlooding",doc_id,ASSUBCELFRAC,0.0570398564951641,0
1584,"6, similarityFlooding",doc_id,ASTI,0.0570398564951641,0
1585,"6, similarityFlooding",doc_id,TISI,0.0578747404180589,0
1586,"6, similarityFlooding",doc_id,Desc,0.0762265726853301,0
1587,"6, similarityFlooding",doc_id,Ti,0.0823375306573494,0
1588,"6, similarityFlooding",doc_id,ASORG,0.0570398564951641,0
1589,"6, similarityFlooding",doc_id,DI,0.0583541354196419,1
1590,"6, similarityFlooding",doc_id,BAFO,0.0570398564951641,0
1591,"6, similarityFlooding",doc_id,ASSST,0.0570398564951641,0
1592,"6, similarityFlooding",doc_id,CONFISC,0.0583541354196419,0
1593,"6, similarityFlooding",doc_id,SI,0.0583541354196419,0
1594,"6, similarityFlooding",doc_id,SASI,0.0577821892660819,0
1595,"6, similarityFlooding",doc_id,CHEI,0.0570398564951641,0
1596,"6, similarityFlooding",doc_id,CI,0.0578747404180589,0
1597,"6, similarityFlooding",doc_id,VARI,0.0577821892660819,0
1598,"6, similarityFlooding",bao_format,ASSI,0.0572105813928463,0
1599,"6, similarityFlooding",bao_format,CUB,0.0579890264265518,0
1600,"6, similarityFlooding",bao_format,ASSUBCELFRAC,0.0579890264265518,0
1601,"6, similarityFlooding",bao_format,ASTI,0.0579890264265518,0
1602,"6, similarityFlooding",bao_format,TISI,0.0569314302703873,0
1603,"6, similarityFlooding",bao_format,Desc,0.0579890264265518,0
1604,"6, similarityFlooding",bao_format,Ti,0.0572105813928463,0
1605,"6, similarityFlooding",bao_format,ASORG,0.0579890264265518,0
1606,"6, similarityFlooding",bao_format,DI,0.0572105813928463,0
1607,"6, similarityFlooding",bao_format,BAFO,0.0579890264265518,1
1608,"6, similarityFlooding",bao_format,ASSST,0.0579890264265518,0
1609,"6, similarityFlooding",bao_format,CONFISC,0.0572105813928463,0
1610,"6, similarityFlooding",bao_format,SI,0.0572105813928463,0
1611,"6, similarityFlooding",bao_format,SASI,0.0569144408046939,0
1612,"6, similarityFlooding",bao_format,CHEI,0.0579890264265518,0
1613,"6, similarityFlooding",bao_format,CI,0.0569314302703873,0
1614,"6, similarityFlooding",bao_format,VARI,0.0569144408046939,0
1615,"6, similarityFlooding",assay_strain,ASSI,0.0572105813928463,0
1616,"6, similarityFlooding",assay_strain,CUB,0.0579890264265518,0
1617,"6, similarityFlooding",assay_strain,ASSUBCELFRAC,0.0579890264265518,0
1618,"6, similarityFlooding",assay_strain,ASTI,0.0579890264265518,0
1619,"6, similarityFlooding",assay_strain,TISI,0.0569314302703873,0
1620,"6, similarityFlooding",assay_strain,Desc,0.0699807240454056,0
1621,"6, similarityFlooding",assay_strain,Ti,0.0709153786715363,0
1622,"6, similarityFlooding",assay_strain,ASORG,0.0579890264265518,0
1623,"6, similarityFlooding",assay_strain,DI,0.0572105813928463,0
1624,"6, similarityFlooding",assay_strain,BAFO,0.0579890264265518,0
1625,"6, similarityFlooding",assay_strain,ASSST,0.0579890264265518,1
1626,"6, similarityFlooding",assay_strain,CONFISC,0.0572105813928463,0
1627,"6, similarityFlooding",assay_strain,SI,0.0572105813928463,0
1628,"6, similarityFlooding",assay_strain,SASI,0.0569144408046939,0
1629,"6, similarityFlooding",assay_strain,CHEI,0.0579890264265518,0
1630,"6, similarityFlooding",assay_strain,CI,0.0569314302703873,0
1631,"6, similarityFlooding",assay_strain,VARI,0.0569144408046939,0
1632,"6, similarityFlooding",assay_type,ASSI,0.0572105813928463,0
1633,"6, similarityFlooding",assay_type,CUB,0.0579890264265518,0
1634,"6, similarityFlooding",assay_type,ASSUBCELFRAC,0.0579890264265518,0
1635,"6, similarityFlooding",assay_type,ASTI,0.0579890264265518,0
1636,"6, similarityFlooding",assay_type,TISI,0.0569314302703873,0
1637,"6, similarityFlooding",assay_type,Desc,0.0716938237052419,0
1638,"6, similarityFlooding",assay_type,Ti,0.0572105813928463,0
1639,"6, similarityFlooding",assay_type,ASORG,0.0579890264265518,0
1640,"6, similarityFlooding",assay_type,DI,0.0572105813928463,0
1641,"6, similarityFlooding",assay_type,BAFO,0.0579890264265518,0
1642,"6, similarityFlooding",assay_type,ASSST,0.0579890264265518,0
1643,"6, similarityFlooding",assay_type,CONFISC,0.0572105813928463,0
1644,"6, similarityFlooding",assay_type,SI,0.0572105813928463,0
1645,"6, similarityFlooding",assay_type,SASI,0.0569144408046939,0
1646,"6, similarityFlooding",assay_type,CHEI,0.0579890264265518,0
1647,"6, similarityFlooding",assay_type,CI,0.0569314302703873,0
1648,"6, similarityFlooding",assay_type,VARI,0.0569144408046939,0
1649,"6, similarityFlooding",assay_test_type,ASSI,0.0572105813928463,0
1650,"6, similarityFlooding",assay_test_type,CUB,0.0579890264265518,0
1651,"6, similarityFlooding",assay_test_type,ASSUBCELFRAC,0.0579890264265518,0
1652,"6, similarityFlooding",assay_test_type,ASTI,0.0579890264265518,0
1653,"6, similarityFlooding",assay_test_type,TISI,0.0569314302703873,0
1654,"6, similarityFlooding",assay_test_type,Desc,0.0781855697846213,0
1655,"6, similarityFlooding",assay_test_type,Ti,0.0572105813928463,0
1656,"6, similarityFlooding",assay_test_type,ASORG,0.0579890264265518,0
1657,"6, similarityFlooding",assay_test_type,DI,0.0572105813928463,0
1658,"6, similarityFlooding",assay_test_type,BAFO,0.0579890264265518,0
1659,"6, similarityFlooding",assay_test_type,ASSST,0.0579890264265518,0
1660,"6, similarityFlooding",assay_test_type,CONFISC,0.0572105813928463,0
1661,"6, similarityFlooding",assay_test_type,SI,0.0572105813928463,0
1662,"6, similarityFlooding",assay_test_type,SASI,0.0569144408046939,0
1663,"6, similarityFlooding",assay_test_type,CHEI,0.0579890264265518,0
1664,"6, similarityFlooding",assay_test_type,CI,0.0569314302703873,0
1665,"6, similarityFlooding",assay_test_type,VARI,0.0569144408046939,0
1666,"6, similarityFlooding",assay_category,ASSI,0.057425639641179,0
1667,"6, similarityFlooding",assay_category,CUB,0.0569614143133206,0
1668,"6, similarityFlooding",assay_category,ASSUBCELFRAC,0.0569614143133206,0
1669,"6, similarityFlooding",assay_category,ASTI,0.0569614143133206,0
1670,"6, similarityFlooding",assay_category,TISI,0.060622883170179,0
1671,"6, similarityFlooding",assay_category,Desc,0.0782799878579495,0
1672,"6, similarityFlooding",assay_category,Ti,0.057425639641179,0
1673,"6, similarityFlooding",assay_category,ASORG,0.0569614143133206,0
1674,"6, similarityFlooding",assay_category,DI,0.057425639641179,0
1675,"6, similarityFlooding",assay_category,BAFO,0.0569614143133206,0
1676,"6, similarityFlooding",assay_category,ASSST,0.0569614143133206,0
1677,"6, similarityFlooding",assay_category,CONFISC,0.057425639641179,0
1678,"6, similarityFlooding",assay_category,SI,0.057425639641179,0
1679,"6, similarityFlooding",assay_category,SASI,0.0611357903608298,0
1680,"6, similarityFlooding",assay_category,CHEI,0.0569614143133206,0
1681,"6, similarityFlooding",assay_category,CI,0.060622883170179,0
1682,"6, similarityFlooding",assay_category,VARI,0.0611357903608298,0
1683,"6, similarityFlooding",assay_tax_id,ASSI,0.0574854964796069,0
1684,"6, similarityFlooding",assay_tax_id,CUB,0.057092054827823,0
1685,"6, similarityFlooding",assay_tax_id,ASSUBCELFRAC,0.057092054827823,0
1686,"6, similarityFlooding",assay_tax_id,ASTI,0.057092054827823,0
1687,"6, similarityFlooding",assay_tax_id,TISI,0.0599663835024446,0
1688,"6, similarityFlooding",assay_tax_id,Desc,0.0690837524466768,0
1689,"6, similarityFlooding",assay_tax_id,Ti,0.0711902937582969,0
1690,"6, similarityFlooding",assay_tax_id,ASORG,0.057092054827823,0
1691,"6, similarityFlooding",assay_tax_id,DI,0.0574854964796069,0
1692,"6, similarityFlooding",assay_tax_id,BAFO,0.057092054827823,0
1693,"6, similarityFlooding",assay_tax_id,ASSST,0.057092054827823,0
1694,"6, similarityFlooding",assay_tax_id,CONFISC,0.0574854964796069,0
1695,"6, similarityFlooding",assay_tax_id,SI,0.0574854964796069,0
1696,"6, similarityFlooding",assay_tax_id,SASI,0.0595811102788112,0
1697,"6, similarityFlooding",assay_tax_id,CHEI,0.057092054827823,0
1698,"6, similarityFlooding",assay_tax_id,CI,0.0599663835024446,0
1699,"6, similarityFlooding",assay_tax_id,VARI,0.0595811102788112,0
1700,"6, similarityFlooding",assay_cell_type,ASSI,0.0572105813928463,0
1701,"6, similarityFlooding",assay_cell_type,CUB,0.0579890264265518,0
1702,"6, similarityFlooding",assay_cell_type,ASSUBCELFRAC,0.0579890264265518,0
1703,"6, similarityFlooding",assay_cell_type,ASTI,0.0579890264265518,0
1704,"6, similarityFlooding",assay_cell_type,TISI,0.0569314302703873,0
1705,"6, similarityFlooding",assay_cell_type,Desc,0.0781855697846213,0
1706,"6, similarityFlooding",assay_cell_type,Ti,0.0572105813928463,0
1707,"6, similarityFlooding",assay_cell_type,ASORG,0.0579890264265518,0
1708,"6, similarityFlooding",assay_cell_type,DI,0.0572105813928463,0
1709,"6, similarityFlooding",assay_cell_type,BAFO,0.0579890264265518,0
1710,"6, similarityFlooding",assay_cell_type,ASSST,0.0579890264265518,0
1711,"6, similarityFlooding",assay_cell_type,CONFISC,0.0572105813928463,0
1712,"6, similarityFlooding",assay_cell_type,SI,0.0572105813928463,0
1713,"6, similarityFlooding",assay_cell_type,SASI,0.0569144408046939,0
1714,"6, similarityFlooding",assay_cell_type,CHEI,0.0579890264265518,0
1715,"6, similarityFlooding",assay_cell_type,CI,0.0569314302703873,0
1716,"6, similarityFlooding",assay_cell_type,VARI,0.0569144408046939,0
1717,"6, similarityFlooding",relationship_type,ASSI,0.0572105813928463,0
1718,"6, similarityFlooding",relationship_type,CUB,0.0579890264265518,0
1719,"6, similarityFlooding",relationship_type,ASSUBCELFRAC,0.0579890264265518,0
1720,"6, similarityFlooding",relationship_type,ASTI,0.0579890264265518,0
1721,"6, similarityFlooding",relationship_type,TISI,0.0569314302703873,0
1722,"6, similarityFlooding",relationship_type,Desc,0.0762620894648052,0
1723,"6, similarityFlooding",relationship_type,Ti,0.0673088530718811,0
1724,"6, similarityFlooding",relationship_type,ASORG,0.0579890264265518,0
1725,"6, similarityFlooding",relationship_type,DI,0.0572105813928463,0
1726,"6, similarityFlooding",relationship_type,BAFO,0.0579890264265518,0
1727,"6, similarityFlooding",relationship_type,ASSST,0.0579890264265518,0
1728,"6, similarityFlooding",relationship_type,CONFISC,0.0572105813928463,0
1729,"6, similarityFlooding",relationship_type,SI,0.0572105813928463,0
1730,"6, similarityFlooding",relationship_type,SASI,0.0569144408046939,0
1731,"6, similarityFlooding",relationship_type,CHEI,0.0579890264265518,0
1732,"6, similarityFlooding",relationship_type,CI,0.0569314302703873,0
1733,"6, similarityFlooding",relationship_type,VARI,0.0569144408046939,0
