source,target,des1,des2,label
AgencyID,prospect_AgeID,A unique identifier for each individual or record in the dataset.,A distinct identification code assigned to each record within the dataset facilitating unique reference and differentiation,1
AgencyID,prospect_LN,A unique identifier for each individual or record in the dataset.,The family name associated with an individual typically indicating generational lineage.,0
AgencyID,prospect_FirNa,A unique identifier for each individual or record in the dataset.,The initial forename assigned to an individual at birth or registration.,0
AgencyID,prospect_MiIn,A unique identifier for each individual or record in the dataset.,The single-letter abbreviation representing the middle name or initial of an individual.,0
AgencyID,prospect_Ge,A unique identifier for each individual or record in the dataset.,Denotes the biological or societal classification of an individual as male female or another gender category.,0
AgencyID,prospect_AddrL1,A unique identifier for each individual or record in the dataset.,The principal residence or mailing address of an individual serving as the primary contact location.,0
AgencyID,prospect_AddrL2,A unique identifier for each individual or record in the dataset.,Additional details regarding the residence such as apartment number or suite if applicable.,0
AgencyID,prospect_PosCo,A unique identifier for each individual or record in the dataset.,A series of letters numbers or both appended to a postal address to assist in sorting and delivering mail.,0
AgencyID,prospect_C,A unique identifier for each individual or record in the dataset.,The urban or town area in which the individual resides.,0
AgencyID,prospect_Sta,A unique identifier for each individual or record in the dataset.,The administrative region or territory within a country where the individual's residence is situated.,0
AgencyID,prospect_Cou,A unique identifier for each individual or record in the dataset.,The sovereign nation in which the individual maintains their primary residence.,0
AgencyID,prospect_Pho,A unique identifier for each individual or record in the dataset.,The designated telephone number through which the individual can be reached.,0
AgencyID,prospect_Inc,A unique identifier for each individual or record in the dataset.,The total financial remuneration received by the individual typically on an annual basis.,0
AgencyID,prospect_NumC,A unique identifier for each individual or record in the dataset.,The quantity of automobiles owned by the individual.,0
AgencyID,prospect_NuChil,A unique identifier for each individual or record in the dataset.,The total number of biological or adopted children associated with the individual.,0
AgencyID,prospect_MariSt,A unique identifier for each individual or record in the dataset.,The current legal or social relationship status of the individual,0
AgencyID,prospect_Ag,A unique identifier for each individual or record in the dataset.,The chronological age of the individual measured in years.,0
AgencyID,prospect_CreRat,A unique identifier for each individual or record in the dataset.,A numerical representation of the individual's creditworthiness indicating their ability to manage financial obligations.,0
AgencyID,prospect_OwORFl,A unique identifier for each individual or record in the dataset.,A binary indicator specifying whether the individual owns or rents their primary residence.,0
AgencyID,prospect_Empl,A unique identifier for each individual or record in the dataset.,The organizational entity by which the individual is employed.,0
AgencyID,prospect_NuCrCar,A unique identifier for each individual or record in the dataset.,The total count of credit cards associated with the individual.,0
AgencyID,prospect_NeWor,A unique identifier for each individual or record in the dataset.,The financial value representing the individual's net worth calculated by subtracting liabilities from total assets.,0
LastName,prospect_AgeID,The last name of the individual indicating their family name.,A distinct identification code assigned to each record within the dataset facilitating unique reference and differentiation,0
LastName,prospect_LN,The last name of the individual indicating their family name.,The family name associated with an individual typically indicating generational lineage.,1
LastName,prospect_FirNa,The last name of the individual indicating their family name.,The initial forename assigned to an individual at birth or registration.,0
LastName,prospect_MiIn,The last name of the individual indicating their family name.,The single-letter abbreviation representing the middle name or initial of an individual.,0
LastName,prospect_Ge,The last name of the individual indicating their family name.,Denotes the biological or societal classification of an individual as male female or another gender category.,0
LastName,prospect_AddrL1,The last name of the individual indicating their family name.,The principal residence or mailing address of an individual serving as the primary contact location.,0
LastName,prospect_AddrL2,The last name of the individual indicating their family name.,Additional details regarding the residence such as apartment number or suite if applicable.,0
LastName,prospect_PosCo,The last name of the individual indicating their family name.,A series of letters numbers or both appended to a postal address to assist in sorting and delivering mail.,0
LastName,prospect_C,The last name of the individual indicating their family name.,The urban or town area in which the individual resides.,0
LastName,prospect_Sta,The last name of the individual indicating their family name.,The administrative region or territory within a country where the individual's residence is situated.,0
LastName,prospect_Cou,The last name of the individual indicating their family name.,The sovereign nation in which the individual maintains their primary residence.,0
LastName,prospect_Pho,The last name of the individual indicating their family name.,The designated telephone number through which the individual can be reached.,0
LastName,prospect_Inc,The last name of the individual indicating their family name.,The total financial remuneration received by the individual typically on an annual basis.,0
LastName,prospect_NumC,The last name of the individual indicating their family name.,The quantity of automobiles owned by the individual.,0
LastName,prospect_NuChil,The last name of the individual indicating their family name.,The total number of biological or adopted children associated with the individual.,0
LastName,prospect_MariSt,The last name of the individual indicating their family name.,The current legal or social relationship status of the individual,0
LastName,prospect_Ag,The last name of the individual indicating their family name.,The chronological age of the individual measured in years.,0
LastName,prospect_CreRat,The last name of the individual indicating their family name.,A numerical representation of the individual's creditworthiness indicating their ability to manage financial obligations.,0
LastName,prospect_OwORFl,The last name of the individual indicating their family name.,A binary indicator specifying whether the individual owns or rents their primary residence.,0
LastName,prospect_Empl,The last name of the individual indicating their family name.,The organizational entity by which the individual is employed.,0
LastName,prospect_NuCrCar,The last name of the individual indicating their family name.,The total count of credit cards associated with the individual.,0
LastName,prospect_NeWor,The last name of the individual indicating their family name.,The financial value representing the individual's net worth calculated by subtracting liabilities from total assets.,0
FirstName,prospect_AgeID,The first name of the individual.,A distinct identification code assigned to each record within the dataset facilitating unique reference and differentiation,0
FirstName,prospect_LN,The first name of the individual.,The family name associated with an individual typically indicating generational lineage.,0
FirstName,prospect_FirNa,The first name of the individual.,The initial forename assigned to an individual at birth or registration.,1
FirstName,prospect_MiIn,The first name of the individual.,The single-letter abbreviation representing the middle name or initial of an individual.,0
FirstName,prospect_Ge,The first name of the individual.,Denotes the biological or societal classification of an individual as male female or another gender category.,0
FirstName,prospect_AddrL1,The first name of the individual.,The principal residence or mailing address of an individual serving as the primary contact location.,0
FirstName,prospect_AddrL2,The first name of the individual.,Additional details regarding the residence such as apartment number or suite if applicable.,0
FirstName,prospect_PosCo,The first name of the individual.,A series of letters numbers or both appended to a postal address to assist in sorting and delivering mail.,0
FirstName,prospect_C,The first name of the individual.,The urban or town area in which the individual resides.,0
FirstName,prospect_Sta,The first name of the individual.,The administrative region or territory within a country where the individual's residence is situated.,0
FirstName,prospect_Cou,The first name of the individual.,The sovereign nation in which the individual maintains their primary residence.,0
FirstName,prospect_Pho,The first name of the individual.,The designated telephone number through which the individual can be reached.,0
FirstName,prospect_Inc,The first name of the individual.,The total financial remuneration received by the individual typically on an annual basis.,0
FirstName,prospect_NumC,The first name of the individual.,The quantity of automobiles owned by the individual.,0
FirstName,prospect_NuChil,The first name of the individual.,The total number of biological or adopted children associated with the individual.,0
FirstName,prospect_MariSt,The first name of the individual.,The current legal or social relationship status of the individual,0
FirstName,prospect_Ag,The first name of the individual.,The chronological age of the individual measured in years.,0
FirstName,prospect_CreRat,The first name of the individual.,A numerical representation of the individual's creditworthiness indicating their ability to manage financial obligations.,0
FirstName,prospect_OwORFl,The first name of the individual.,A binary indicator specifying whether the individual owns or rents their primary residence.,0
FirstName,prospect_Empl,The first name of the individual.,The organizational entity by which the individual is employed.,0
FirstName,prospect_NuCrCar,The first name of the individual.,The total count of credit cards associated with the individual.,0
FirstName,prospect_NeWor,The first name of the individual.,The financial value representing the individual's net worth calculated by subtracting liabilities from total assets.,0
MiddleInitial,prospect_AgeID,The middle initial of the individual.,A distinct identification code assigned to each record within the dataset facilitating unique reference and differentiation,0
MiddleInitial,prospect_LN,The middle initial of the individual.,The family name associated with an individual typically indicating generational lineage.,0
MiddleInitial,prospect_FirNa,The middle initial of the individual.,The initial forename assigned to an individual at birth or registration.,0
MiddleInitial,prospect_MiIn,The middle initial of the individual.,The single-letter abbreviation representing the middle name or initial of an individual.,1
MiddleInitial,prospect_Ge,The middle initial of the individual.,Denotes the biological or societal classification of an individual as male female or another gender category.,0
MiddleInitial,prospect_AddrL1,The middle initial of the individual.,The principal residence or mailing address of an individual serving as the primary contact location.,0
MiddleInitial,prospect_AddrL2,The middle initial of the individual.,Additional details regarding the residence such as apartment number or suite if applicable.,0
MiddleInitial,prospect_PosCo,The middle initial of the individual.,A series of letters numbers or both appended to a postal address to assist in sorting and delivering mail.,0
MiddleInitial,prospect_C,The middle initial of the individual.,The urban or town area in which the individual resides.,0
MiddleInitial,prospect_Sta,The middle initial of the individual.,The administrative region or territory within a country where the individual's residence is situated.,0
MiddleInitial,prospect_Cou,The middle initial of the individual.,The sovereign nation in which the individual maintains their primary residence.,0
MiddleInitial,prospect_Pho,The middle initial of the individual.,The designated telephone number through which the individual can be reached.,0
MiddleInitial,prospect_Inc,The middle initial of the individual.,The total financial remuneration received by the individual typically on an annual basis.,0
MiddleInitial,prospect_NumC,The middle initial of the individual.,The quantity of automobiles owned by the individual.,0
MiddleInitial,prospect_NuChil,The middle initial of the individual.,The total number of biological or adopted children associated with the individual.,0
MiddleInitial,prospect_MariSt,The middle initial of the individual.,The current legal or social relationship status of the individual,0
MiddleInitial,prospect_Ag,The middle initial of the individual.,The chronological age of the individual measured in years.,0
MiddleInitial,prospect_CreRat,The middle initial of the individual.,A numerical representation of the individual's creditworthiness indicating their ability to manage financial obligations.,0
MiddleInitial,prospect_OwORFl,The middle initial of the individual.,A binary indicator specifying whether the individual owns or rents their primary residence.,0
MiddleInitial,prospect_Empl,The middle initial of the individual.,The organizational entity by which the individual is employed.,0
MiddleInitial,prospect_NuCrCar,The middle initial of the individual.,The total count of credit cards associated with the individual.,0
MiddleInitial,prospect_NeWor,The middle initial of the individual.,The financial value representing the individual's net worth calculated by subtracting liabilities from total assets.,0
Gender,prospect_AgeID,Indicates the gender of the individual.,A distinct identification code assigned to each record within the dataset facilitating unique reference and differentiation,0
Gender,prospect_LN,Indicates the gender of the individual.,The family name associated with an individual typically indicating generational lineage.,0
Gender,prospect_FirNa,Indicates the gender of the individual.,The initial forename assigned to an individual at birth or registration.,0
Gender,prospect_MiIn,Indicates the gender of the individual.,The single-letter abbreviation representing the middle name or initial of an individual.,0
Gender,prospect_Ge,Indicates the gender of the individual.,Denotes the biological or societal classification of an individual as male female or another gender category.,1
Gender,prospect_AddrL1,Indicates the gender of the individual.,The principal residence or mailing address of an individual serving as the primary contact location.,0
Gender,prospect_AddrL2,Indicates the gender of the individual.,Additional details regarding the residence such as apartment number or suite if applicable.,0
Gender,prospect_PosCo,Indicates the gender of the individual.,A series of letters numbers or both appended to a postal address to assist in sorting and delivering mail.,0
Gender,prospect_C,Indicates the gender of the individual.,The urban or town area in which the individual resides.,0
Gender,prospect_Sta,Indicates the gender of the individual.,The administrative region or territory within a country where the individual's residence is situated.,0
Gender,prospect_Cou,Indicates the gender of the individual.,The sovereign nation in which the individual maintains their primary residence.,0
Gender,prospect_Pho,Indicates the gender of the individual.,The designated telephone number through which the individual can be reached.,0
Gender,prospect_Inc,Indicates the gender of the individual.,The total financial remuneration received by the individual typically on an annual basis.,0
Gender,prospect_NumC,Indicates the gender of the individual.,The quantity of automobiles owned by the individual.,0
Gender,prospect_NuChil,Indicates the gender of the individual.,The total number of biological or adopted children associated with the individual.,0
Gender,prospect_MariSt,Indicates the gender of the individual.,The current legal or social relationship status of the individual,0
Gender,prospect_Ag,Indicates the gender of the individual.,The chronological age of the individual measured in years.,0
Gender,prospect_CreRat,Indicates the gender of the individual.,A numerical representation of the individual's creditworthiness indicating their ability to manage financial obligations.,0
Gender,prospect_OwORFl,Indicates the gender of the individual.,A binary indicator specifying whether the individual owns or rents their primary residence.,0
Gender,prospect_Empl,Indicates the gender of the individual.,The organizational entity by which the individual is employed.,0
Gender,prospect_NuCrCar,Indicates the gender of the individual.,The total count of credit cards associated with the individual.,0
Gender,prospect_NeWor,Indicates the gender of the individual.,The financial value representing the individual's net worth calculated by subtracting liabilities from total assets.,0
AddressLine1,prospect_AgeID,The primary address of the individual.,A distinct identification code assigned to each record within the dataset facilitating unique reference and differentiation,0
AddressLine1,prospect_LN,The primary address of the individual.,The family name associated with an individual typically indicating generational lineage.,0
AddressLine1,prospect_FirNa,The primary address of the individual.,The initial forename assigned to an individual at birth or registration.,0
AddressLine1,prospect_MiIn,The primary address of the individual.,The single-letter abbreviation representing the middle name or initial of an individual.,0
AddressLine1,prospect_Ge,The primary address of the individual.,Denotes the biological or societal classification of an individual as male female or another gender category.,0
AddressLine1,prospect_AddrL1,The primary address of the individual.,The principal residence or mailing address of an individual serving as the primary contact location.,1
AddressLine1,prospect_AddrL2,The primary address of the individual.,Additional details regarding the residence such as apartment number or suite if applicable.,0
AddressLine1,prospect_PosCo,The primary address of the individual.,A series of letters numbers or both appended to a postal address to assist in sorting and delivering mail.,0
AddressLine1,prospect_C,The primary address of the individual.,The urban or town area in which the individual resides.,0
AddressLine1,prospect_Sta,The primary address of the individual.,The administrative region or territory within a country where the individual's residence is situated.,0
AddressLine1,prospect_Cou,The primary address of the individual.,The sovereign nation in which the individual maintains their primary residence.,0
AddressLine1,prospect_Pho,The primary address of the individual.,The designated telephone number through which the individual can be reached.,0
AddressLine1,prospect_Inc,The primary address of the individual.,The total financial remuneration received by the individual typically on an annual basis.,0
AddressLine1,prospect_NumC,The primary address of the individual.,The quantity of automobiles owned by the individual.,0
AddressLine1,prospect_NuChil,The primary address of the individual.,The total number of biological or adopted children associated with the individual.,0
AddressLine1,prospect_MariSt,The primary address of the individual.,The current legal or social relationship status of the individual,0
AddressLine1,prospect_Ag,The primary address of the individual.,The chronological age of the individual measured in years.,0
AddressLine1,prospect_CreRat,The primary address of the individual.,A numerical representation of the individual's creditworthiness indicating their ability to manage financial obligations.,0
AddressLine1,prospect_OwORFl,The primary address of the individual.,A binary indicator specifying whether the individual owns or rents their primary residence.,0
AddressLine1,prospect_Empl,The primary address of the individual.,The organizational entity by which the individual is employed.,0
AddressLine1,prospect_NuCrCar,The primary address of the individual.,The total count of credit cards associated with the individual.,0
AddressLine1,prospect_NeWor,The primary address of the individual.,The financial value representing the individual's net worth calculated by subtracting liabilities from total assets.,0
AddressLine2,prospect_AgeID,Additional address information such as apartment number or suite.,A distinct identification code assigned to each record within the dataset facilitating unique reference and differentiation,0
AddressLine2,prospect_LN,Additional address information such as apartment number or suite.,The family name associated with an individual typically indicating generational lineage.,0
AddressLine2,prospect_FirNa,Additional address information such as apartment number or suite.,The initial forename assigned to an individual at birth or registration.,0
AddressLine2,prospect_MiIn,Additional address information such as apartment number or suite.,The single-letter abbreviation representing the middle name or initial of an individual.,0
AddressLine2,prospect_Ge,Additional address information such as apartment number or suite.,Denotes the biological or societal classification of an individual as male female or another gender category.,0
AddressLine2,prospect_AddrL1,Additional address information such as apartment number or suite.,The principal residence or mailing address of an individual serving as the primary contact location.,0
AddressLine2,prospect_AddrL2,Additional address information such as apartment number or suite.,Additional details regarding the residence such as apartment number or suite if applicable.,1
AddressLine2,prospect_PosCo,Additional address information such as apartment number or suite.,A series of letters numbers or both appended to a postal address to assist in sorting and delivering mail.,0
AddressLine2,prospect_C,Additional address information such as apartment number or suite.,The urban or town area in which the individual resides.,0
AddressLine2,prospect_Sta,Additional address information such as apartment number or suite.,The administrative region or territory within a country where the individual's residence is situated.,0
AddressLine2,prospect_Cou,Additional address information such as apartment number or suite.,The sovereign nation in which the individual maintains their primary residence.,0
AddressLine2,prospect_Pho,Additional address information such as apartment number or suite.,The designated telephone number through which the individual can be reached.,0
AddressLine2,prospect_Inc,Additional address information such as apartment number or suite.,The total financial remuneration received by the individual typically on an annual basis.,0
AddressLine2,prospect_NumC,Additional address information such as apartment number or suite.,The quantity of automobiles owned by the individual.,0
AddressLine2,prospect_NuChil,Additional address information such as apartment number or suite.,The total number of biological or adopted children associated with the individual.,0
AddressLine2,prospect_MariSt,Additional address information such as apartment number or suite.,The current legal or social relationship status of the individual,0
AddressLine2,prospect_Ag,Additional address information such as apartment number or suite.,The chronological age of the individual measured in years.,0
AddressLine2,prospect_CreRat,Additional address information such as apartment number or suite.,A numerical representation of the individual's creditworthiness indicating their ability to manage financial obligations.,0
AddressLine2,prospect_OwORFl,Additional address information such as apartment number or suite.,A binary indicator specifying whether the individual owns or rents their primary residence.,0
AddressLine2,prospect_Empl,Additional address information such as apartment number or suite.,The organizational entity by which the individual is employed.,0
AddressLine2,prospect_NuCrCar,Additional address information such as apartment number or suite.,The total count of credit cards associated with the individual.,0
AddressLine2,prospect_NeWor,Additional address information such as apartment number or suite.,The financial value representing the individual's net worth calculated by subtracting liabilities from total assets.,0
PostalCode,prospect_AgeID,The postal code of the individual's address.,A distinct identification code assigned to each record within the dataset facilitating unique reference and differentiation,0
PostalCode,prospect_LN,The postal code of the individual's address.,The family name associated with an individual typically indicating generational lineage.,0
PostalCode,prospect_FirNa,The postal code of the individual's address.,The initial forename assigned to an individual at birth or registration.,0
PostalCode,prospect_MiIn,The postal code of the individual's address.,The single-letter abbreviation representing the middle name or initial of an individual.,0
PostalCode,prospect_Ge,The postal code of the individual's address.,Denotes the biological or societal classification of an individual as male female or another gender category.,0
PostalCode,prospect_AddrL1,The postal code of the individual's address.,The principal residence or mailing address of an individual serving as the primary contact location.,0
PostalCode,prospect_AddrL2,The postal code of the individual's address.,Additional details regarding the residence such as apartment number or suite if applicable.,0
PostalCode,prospect_PosCo,The postal code of the individual's address.,A series of letters numbers or both appended to a postal address to assist in sorting and delivering mail.,1
PostalCode,prospect_C,The postal code of the individual's address.,The urban or town area in which the individual resides.,0
PostalCode,prospect_Sta,The postal code of the individual's address.,The administrative region or territory within a country where the individual's residence is situated.,0
PostalCode,prospect_Cou,The postal code of the individual's address.,The sovereign nation in which the individual maintains their primary residence.,0
PostalCode,prospect_Pho,The postal code of the individual's address.,The designated telephone number through which the individual can be reached.,0
PostalCode,prospect_Inc,The postal code of the individual's address.,The total financial remuneration received by the individual typically on an annual basis.,0
PostalCode,prospect_NumC,The postal code of the individual's address.,The quantity of automobiles owned by the individual.,0
PostalCode,prospect_NuChil,The postal code of the individual's address.,The total number of biological or adopted children associated with the individual.,0
PostalCode,prospect_MariSt,The postal code of the individual's address.,The current legal or social relationship status of the individual,0
PostalCode,prospect_Ag,The postal code of the individual's address.,The chronological age of the individual measured in years.,0
PostalCode,prospect_CreRat,The postal code of the individual's address.,A numerical representation of the individual's creditworthiness indicating their ability to manage financial obligations.,0
PostalCode,prospect_OwORFl,The postal code of the individual's address.,A binary indicator specifying whether the individual owns or rents their primary residence.,0
PostalCode,prospect_Empl,The postal code of the individual's address.,The organizational entity by which the individual is employed.,0
PostalCode,prospect_NuCrCar,The postal code of the individual's address.,The total count of credit cards associated with the individual.,0
PostalCode,prospect_NeWor,The postal code of the individual's address.,The financial value representing the individual's net worth calculated by subtracting liabilities from total assets.,0
City,prospect_AgeID,The city in which the individual resides.,A distinct identification code assigned to each record within the dataset facilitating unique reference and differentiation,0
City,prospect_LN,The city in which the individual resides.,The family name associated with an individual typically indicating generational lineage.,0
City,prospect_FirNa,The city in which the individual resides.,The initial forename assigned to an individual at birth or registration.,0
City,prospect_MiIn,The city in which the individual resides.,The single-letter abbreviation representing the middle name or initial of an individual.,0
City,prospect_Ge,The city in which the individual resides.,Denotes the biological or societal classification of an individual as male female or another gender category.,0
City,prospect_AddrL1,The city in which the individual resides.,The principal residence or mailing address of an individual serving as the primary contact location.,0
City,prospect_AddrL2,The city in which the individual resides.,Additional details regarding the residence such as apartment number or suite if applicable.,0
City,prospect_PosCo,The city in which the individual resides.,A series of letters numbers or both appended to a postal address to assist in sorting and delivering mail.,0
City,prospect_C,The city in which the individual resides.,The urban or town area in which the individual resides.,1
City,prospect_Sta,The city in which the individual resides.,The administrative region or territory within a country where the individual's residence is situated.,0
City,prospect_Cou,The city in which the individual resides.,The sovereign nation in which the individual maintains their primary residence.,0
City,prospect_Pho,The city in which the individual resides.,The designated telephone number through which the individual can be reached.,0
City,prospect_Inc,The city in which the individual resides.,The total financial remuneration received by the individual typically on an annual basis.,0
City,prospect_NumC,The city in which the individual resides.,The quantity of automobiles owned by the individual.,0
City,prospect_NuChil,The city in which the individual resides.,The total number of biological or adopted children associated with the individual.,0
City,prospect_MariSt,The city in which the individual resides.,The current legal or social relationship status of the individual,0
City,prospect_Ag,The city in which the individual resides.,The chronological age of the individual measured in years.,0
City,prospect_CreRat,The city in which the individual resides.,A numerical representation of the individual's creditworthiness indicating their ability to manage financial obligations.,0
City,prospect_OwORFl,The city in which the individual resides.,A binary indicator specifying whether the individual owns or rents their primary residence.,0
City,prospect_Empl,The city in which the individual resides.,The organizational entity by which the individual is employed.,0
City,prospect_NuCrCar,The city in which the individual resides.,The total count of credit cards associated with the individual.,0
City,prospect_NeWor,The city in which the individual resides.,The financial value representing the individual's net worth calculated by subtracting liabilities from total assets.,0
State,prospect_AgeID,The state or province of the individual's address.,A distinct identification code assigned to each record within the dataset facilitating unique reference and differentiation,0
State,prospect_LN,The state or province of the individual's address.,The family name associated with an individual typically indicating generational lineage.,0
State,prospect_FirNa,The state or province of the individual's address.,The initial forename assigned to an individual at birth or registration.,0
State,prospect_MiIn,The state or province of the individual's address.,The single-letter abbreviation representing the middle name or initial of an individual.,0
State,prospect_Ge,The state or province of the individual's address.,Denotes the biological or societal classification of an individual as male female or another gender category.,0
State,prospect_AddrL1,The state or province of the individual's address.,The principal residence or mailing address of an individual serving as the primary contact location.,0
State,prospect_AddrL2,The state or province of the individual's address.,Additional details regarding the residence such as apartment number or suite if applicable.,0
State,prospect_PosCo,The state or province of the individual's address.,A series of letters numbers or both appended to a postal address to assist in sorting and delivering mail.,0
State,prospect_C,The state or province of the individual's address.,The urban or town area in which the individual resides.,0
State,prospect_Sta,The state or province of the individual's address.,The administrative region or territory within a country where the individual's residence is situated.,1
State,prospect_Cou,The state or province of the individual's address.,The sovereign nation in which the individual maintains their primary residence.,0
State,prospect_Pho,The state or province of the individual's address.,The designated telephone number through which the individual can be reached.,0
State,prospect_Inc,The state or province of the individual's address.,The total financial remuneration received by the individual typically on an annual basis.,0
State,prospect_NumC,The state or province of the individual's address.,The quantity of automobiles owned by the individual.,0
State,prospect_NuChil,The state or province of the individual's address.,The total number of biological or adopted children associated with the individual.,0
State,prospect_MariSt,The state or province of the individual's address.,The current legal or social relationship status of the individual,0
State,prospect_Ag,The state or province of the individual's address.,The chronological age of the individual measured in years.,0
State,prospect_CreRat,The state or province of the individual's address.,A numerical representation of the individual's creditworthiness indicating their ability to manage financial obligations.,0
State,prospect_OwORFl,The state or province of the individual's address.,A binary indicator specifying whether the individual owns or rents their primary residence.,0
State,prospect_Empl,The state or province of the individual's address.,The organizational entity by which the individual is employed.,0
State,prospect_NuCrCar,The state or province of the individual's address.,The total count of credit cards associated with the individual.,0
State,prospect_NeWor,The state or province of the individual's address.,The financial value representing the individual's net worth calculated by subtracting liabilities from total assets.,0
Country,prospect_AgeID,The country in which the individual resides.,A distinct identification code assigned to each record within the dataset facilitating unique reference and differentiation,0
Country,prospect_LN,The country in which the individual resides.,The family name associated with an individual typically indicating generational lineage.,0
Country,prospect_FirNa,The country in which the individual resides.,The initial forename assigned to an individual at birth or registration.,0
Country,prospect_MiIn,The country in which the individual resides.,The single-letter abbreviation representing the middle name or initial of an individual.,0
Country,prospect_Ge,The country in which the individual resides.,Denotes the biological or societal classification of an individual as male female or another gender category.,0
Country,prospect_AddrL1,The country in which the individual resides.,The principal residence or mailing address of an individual serving as the primary contact location.,0
Country,prospect_AddrL2,The country in which the individual resides.,Additional details regarding the residence such as apartment number or suite if applicable.,0
Country,prospect_PosCo,The country in which the individual resides.,A series of letters numbers or both appended to a postal address to assist in sorting and delivering mail.,0
Country,prospect_C,The country in which the individual resides.,The urban or town area in which the individual resides.,0
Country,prospect_Sta,The country in which the individual resides.,The administrative region or territory within a country where the individual's residence is situated.,0
Country,prospect_Cou,The country in which the individual resides.,The sovereign nation in which the individual maintains their primary residence.,1
Country,prospect_Pho,The country in which the individual resides.,The designated telephone number through which the individual can be reached.,0
Country,prospect_Inc,The country in which the individual resides.,The total financial remuneration received by the individual typically on an annual basis.,0
Country,prospect_NumC,The country in which the individual resides.,The quantity of automobiles owned by the individual.,0
Country,prospect_NuChil,The country in which the individual resides.,The total number of biological or adopted children associated with the individual.,0
Country,prospect_MariSt,The country in which the individual resides.,The current legal or social relationship status of the individual,0
Country,prospect_Ag,The country in which the individual resides.,The chronological age of the individual measured in years.,0
Country,prospect_CreRat,The country in which the individual resides.,A numerical representation of the individual's creditworthiness indicating their ability to manage financial obligations.,0
Country,prospect_OwORFl,The country in which the individual resides.,A binary indicator specifying whether the individual owns or rents their primary residence.,0
Country,prospect_Empl,The country in which the individual resides.,The organizational entity by which the individual is employed.,0
Country,prospect_NuCrCar,The country in which the individual resides.,The total count of credit cards associated with the individual.,0
Country,prospect_NeWor,The country in which the individual resides.,The financial value representing the individual's net worth calculated by subtracting liabilities from total assets.,0
Phone,prospect_AgeID,The contact phone number for the individual.,A distinct identification code assigned to each record within the dataset facilitating unique reference and differentiation,0
Phone,prospect_LN,The contact phone number for the individual.,The family name associated with an individual typically indicating generational lineage.,0
Phone,prospect_FirNa,The contact phone number for the individual.,The initial forename assigned to an individual at birth or registration.,0
Phone,prospect_MiIn,The contact phone number for the individual.,The single-letter abbreviation representing the middle name or initial of an individual.,0
Phone,prospect_Ge,The contact phone number for the individual.,Denotes the biological or societal classification of an individual as male female or another gender category.,0
Phone,prospect_AddrL1,The contact phone number for the individual.,The principal residence or mailing address of an individual serving as the primary contact location.,0
Phone,prospect_AddrL2,The contact phone number for the individual.,Additional details regarding the residence such as apartment number or suite if applicable.,0
Phone,prospect_PosCo,The contact phone number for the individual.,A series of letters numbers or both appended to a postal address to assist in sorting and delivering mail.,0
Phone,prospect_C,The contact phone number for the individual.,The urban or town area in which the individual resides.,0
Phone,prospect_Sta,The contact phone number for the individual.,The administrative region or territory within a country where the individual's residence is situated.,0
Phone,prospect_Cou,The contact phone number for the individual.,The sovereign nation in which the individual maintains their primary residence.,0
Phone,prospect_Pho,The contact phone number for the individual.,The designated telephone number through which the individual can be reached.,1
Phone,prospect_Inc,The contact phone number for the individual.,The total financial remuneration received by the individual typically on an annual basis.,0
Phone,prospect_NumC,The contact phone number for the individual.,The quantity of automobiles owned by the individual.,0
Phone,prospect_NuChil,The contact phone number for the individual.,The total number of biological or adopted children associated with the individual.,0
Phone,prospect_MariSt,The contact phone number for the individual.,The current legal or social relationship status of the individual,0
Phone,prospect_Ag,The contact phone number for the individual.,The chronological age of the individual measured in years.,0
Phone,prospect_CreRat,The contact phone number for the individual.,A numerical representation of the individual's creditworthiness indicating their ability to manage financial obligations.,0
Phone,prospect_OwORFl,The contact phone number for the individual.,A binary indicator specifying whether the individual owns or rents their primary residence.,0
Phone,prospect_Empl,The contact phone number for the individual.,The organizational entity by which the individual is employed.,0
Phone,prospect_NuCrCar,The contact phone number for the individual.,The total count of credit cards associated with the individual.,0
Phone,prospect_NeWor,The contact phone number for the individual.,The financial value representing the individual's net worth calculated by subtracting liabilities from total assets.,0
Income,prospect_AgeID,The income of the individual.,A distinct identification code assigned to each record within the dataset facilitating unique reference and differentiation,0
Income,prospect_LN,The income of the individual.,The family name associated with an individual typically indicating generational lineage.,0
Income,prospect_FirNa,The income of the individual.,The initial forename assigned to an individual at birth or registration.,0
Income,prospect_MiIn,The income of the individual.,The single-letter abbreviation representing the middle name or initial of an individual.,0
Income,prospect_Ge,The income of the individual.,Denotes the biological or societal classification of an individual as male female or another gender category.,0
Income,prospect_AddrL1,The income of the individual.,The principal residence or mailing address of an individual serving as the primary contact location.,0
Income,prospect_AddrL2,The income of the individual.,Additional details regarding the residence such as apartment number or suite if applicable.,0
Income,prospect_PosCo,The income of the individual.,A series of letters numbers or both appended to a postal address to assist in sorting and delivering mail.,0
Income,prospect_C,The income of the individual.,The urban or town area in which the individual resides.,0
Income,prospect_Sta,The income of the individual.,The administrative region or territory within a country where the individual's residence is situated.,0
Income,prospect_Cou,The income of the individual.,The sovereign nation in which the individual maintains their primary residence.,0
Income,prospect_Pho,The income of the individual.,The designated telephone number through which the individual can be reached.,0
Income,prospect_Inc,The income of the individual.,The total financial remuneration received by the individual typically on an annual basis.,1
Income,prospect_NumC,The income of the individual.,The quantity of automobiles owned by the individual.,0
Income,prospect_NuChil,The income of the individual.,The total number of biological or adopted children associated with the individual.,0
Income,prospect_MariSt,The income of the individual.,The current legal or social relationship status of the individual,0
Income,prospect_Ag,The income of the individual.,The chronological age of the individual measured in years.,0
Income,prospect_CreRat,The income of the individual.,A numerical representation of the individual's creditworthiness indicating their ability to manage financial obligations.,0
Income,prospect_OwORFl,The income of the individual.,A binary indicator specifying whether the individual owns or rents their primary residence.,0
Income,prospect_Empl,The income of the individual.,The organizational entity by which the individual is employed.,0
Income,prospect_NuCrCar,The income of the individual.,The total count of credit cards associated with the individual.,0
Income,prospect_NeWor,The income of the individual.,The financial value representing the individual's net worth calculated by subtracting liabilities from total assets.,0
NumberCars,prospect_AgeID,The number of cars owned by the individual.,A distinct identification code assigned to each record within the dataset facilitating unique reference and differentiation,0
NumberCars,prospect_LN,The number of cars owned by the individual.,The family name associated with an individual typically indicating generational lineage.,0
NumberCars,prospect_FirNa,The number of cars owned by the individual.,The initial forename assigned to an individual at birth or registration.,0
NumberCars,prospect_MiIn,The number of cars owned by the individual.,The single-letter abbreviation representing the middle name or initial of an individual.,0
NumberCars,prospect_Ge,The number of cars owned by the individual.,Denotes the biological or societal classification of an individual as male female or another gender category.,0
NumberCars,prospect_AddrL1,The number of cars owned by the individual.,The principal residence or mailing address of an individual serving as the primary contact location.,0
NumberCars,prospect_AddrL2,The number of cars owned by the individual.,Additional details regarding the residence such as apartment number or suite if applicable.,0
NumberCars,prospect_PosCo,The number of cars owned by the individual.,A series of letters numbers or both appended to a postal address to assist in sorting and delivering mail.,0
NumberCars,prospect_C,The number of cars owned by the individual.,The urban or town area in which the individual resides.,0
NumberCars,prospect_Sta,The number of cars owned by the individual.,The administrative region or territory within a country where the individual's residence is situated.,0
NumberCars,prospect_Cou,The number of cars owned by the individual.,The sovereign nation in which the individual maintains their primary residence.,0
NumberCars,prospect_Pho,The number of cars owned by the individual.,The designated telephone number through which the individual can be reached.,0
NumberCars,prospect_Inc,The number of cars owned by the individual.,The total financial remuneration received by the individual typically on an annual basis.,0
NumberCars,prospect_NumC,The number of cars owned by the individual.,The quantity of automobiles owned by the individual.,1
NumberCars,prospect_NuChil,The number of cars owned by the individual.,The total number of biological or adopted children associated with the individual.,0
NumberCars,prospect_MariSt,The number of cars owned by the individual.,The current legal or social relationship status of the individual,0
NumberCars,prospect_Ag,The number of cars owned by the individual.,The chronological age of the individual measured in years.,0
NumberCars,prospect_CreRat,The number of cars owned by the individual.,A numerical representation of the individual's creditworthiness indicating their ability to manage financial obligations.,0
NumberCars,prospect_OwORFl,The number of cars owned by the individual.,A binary indicator specifying whether the individual owns or rents their primary residence.,0
NumberCars,prospect_Empl,The number of cars owned by the individual.,The organizational entity by which the individual is employed.,0
NumberCars,prospect_NuCrCar,The number of cars owned by the individual.,The total count of credit cards associated with the individual.,0
NumberCars,prospect_NeWor,The number of cars owned by the individual.,The financial value representing the individual's net worth calculated by subtracting liabilities from total assets.,0
NumberChildren,prospect_AgeID,The number of children the individual has.,A distinct identification code assigned to each record within the dataset facilitating unique reference and differentiation,0
NumberChildren,prospect_LN,The number of children the individual has.,The family name associated with an individual typically indicating generational lineage.,0
NumberChildren,prospect_FirNa,The number of children the individual has.,The initial forename assigned to an individual at birth or registration.,0
NumberChildren,prospect_MiIn,The number of children the individual has.,The single-letter abbreviation representing the middle name or initial of an individual.,0
NumberChildren,prospect_Ge,The number of children the individual has.,Denotes the biological or societal classification of an individual as male female or another gender category.,0
NumberChildren,prospect_AddrL1,The number of children the individual has.,The principal residence or mailing address of an individual serving as the primary contact location.,0
NumberChildren,prospect_AddrL2,The number of children the individual has.,Additional details regarding the residence such as apartment number or suite if applicable.,0
NumberChildren,prospect_PosCo,The number of children the individual has.,A series of letters numbers or both appended to a postal address to assist in sorting and delivering mail.,0
NumberChildren,prospect_C,The number of children the individual has.,The urban or town area in which the individual resides.,0
NumberChildren,prospect_Sta,The number of children the individual has.,The administrative region or territory within a country where the individual's residence is situated.,0
NumberChildren,prospect_Cou,The number of children the individual has.,The sovereign nation in which the individual maintains their primary residence.,0
NumberChildren,prospect_Pho,The number of children the individual has.,The designated telephone number through which the individual can be reached.,0
NumberChildren,prospect_Inc,The number of children the individual has.,The total financial remuneration received by the individual typically on an annual basis.,0
NumberChildren,prospect_NumC,The number of children the individual has.,The quantity of automobiles owned by the individual.,0
NumberChildren,prospect_NuChil,The number of children the individual has.,The total number of biological or adopted children associated with the individual.,1
NumberChildren,prospect_MariSt,The number of children the individual has.,The current legal or social relationship status of the individual,0
NumberChildren,prospect_Ag,The number of children the individual has.,The chronological age of the individual measured in years.,0
NumberChildren,prospect_CreRat,The number of children the individual has.,A numerical representation of the individual's creditworthiness indicating their ability to manage financial obligations.,0
NumberChildren,prospect_OwORFl,The number of children the individual has.,A binary indicator specifying whether the individual owns or rents their primary residence.,0
NumberChildren,prospect_Empl,The number of children the individual has.,The organizational entity by which the individual is employed.,0
NumberChildren,prospect_NuCrCar,The number of children the individual has.,The total count of credit cards associated with the individual.,0
NumberChildren,prospect_NeWor,The number of children the individual has.,The financial value representing the individual's net worth calculated by subtracting liabilities from total assets.,0
MaritalStatus,prospect_AgeID,Indicates the marital status of the individual,A distinct identification code assigned to each record within the dataset facilitating unique reference and differentiation,0
MaritalStatus,prospect_LN,Indicates the marital status of the individual,The family name associated with an individual typically indicating generational lineage.,0
MaritalStatus,prospect_FirNa,Indicates the marital status of the individual,The initial forename assigned to an individual at birth or registration.,0
MaritalStatus,prospect_MiIn,Indicates the marital status of the individual,The single-letter abbreviation representing the middle name or initial of an individual.,0
MaritalStatus,prospect_Ge,Indicates the marital status of the individual,Denotes the biological or societal classification of an individual as male female or another gender category.,0
MaritalStatus,prospect_AddrL1,Indicates the marital status of the individual,The principal residence or mailing address of an individual serving as the primary contact location.,0
MaritalStatus,prospect_AddrL2,Indicates the marital status of the individual,Additional details regarding the residence such as apartment number or suite if applicable.,0
MaritalStatus,prospect_PosCo,Indicates the marital status of the individual,A series of letters numbers or both appended to a postal address to assist in sorting and delivering mail.,0
MaritalStatus,prospect_C,Indicates the marital status of the individual,The urban or town area in which the individual resides.,0
MaritalStatus,prospect_Sta,Indicates the marital status of the individual,The administrative region or territory within a country where the individual's residence is situated.,0
MaritalStatus,prospect_Cou,Indicates the marital status of the individual,The sovereign nation in which the individual maintains their primary residence.,0
MaritalStatus,prospect_Pho,Indicates the marital status of the individual,The designated telephone number through which the individual can be reached.,0
MaritalStatus,prospect_Inc,Indicates the marital status of the individual,The total financial remuneration received by the individual typically on an annual basis.,0
MaritalStatus,prospect_NumC,Indicates the marital status of the individual,The quantity of automobiles owned by the individual.,0
MaritalStatus,prospect_NuChil,Indicates the marital status of the individual,The total number of biological or adopted children associated with the individual.,0
MaritalStatus,prospect_MariSt,Indicates the marital status of the individual,The current legal or social relationship status of the individual,1
MaritalStatus,prospect_Ag,Indicates the marital status of the individual,The chronological age of the individual measured in years.,0
MaritalStatus,prospect_CreRat,Indicates the marital status of the individual,A numerical representation of the individual's creditworthiness indicating their ability to manage financial obligations.,0
MaritalStatus,prospect_OwORFl,Indicates the marital status of the individual,A binary indicator specifying whether the individual owns or rents their primary residence.,0
MaritalStatus,prospect_Empl,Indicates the marital status of the individual,The organizational entity by which the individual is employed.,0
MaritalStatus,prospect_NuCrCar,Indicates the marital status of the individual,The total count of credit cards associated with the individual.,0
MaritalStatus,prospect_NeWor,Indicates the marital status of the individual,The financial value representing the individual's net worth calculated by subtracting liabilities from total assets.,0
Age,prospect_AgeID,The age of the individual.,A distinct identification code assigned to each record within the dataset facilitating unique reference and differentiation,0
Age,prospect_LN,The age of the individual.,The family name associated with an individual typically indicating generational lineage.,0
Age,prospect_FirNa,The age of the individual.,The initial forename assigned to an individual at birth or registration.,0
Age,prospect_MiIn,The age of the individual.,The single-letter abbreviation representing the middle name or initial of an individual.,0
Age,prospect_Ge,The age of the individual.,Denotes the biological or societal classification of an individual as male female or another gender category.,0
Age,prospect_AddrL1,The age of the individual.,The principal residence or mailing address of an individual serving as the primary contact location.,0
Age,prospect_AddrL2,The age of the individual.,Additional details regarding the residence such as apartment number or suite if applicable.,0
Age,prospect_PosCo,The age of the individual.,A series of letters numbers or both appended to a postal address to assist in sorting and delivering mail.,0
Age,prospect_C,The age of the individual.,The urban or town area in which the individual resides.,0
Age,prospect_Sta,The age of the individual.,The administrative region or territory within a country where the individual's residence is situated.,0
Age,prospect_Cou,The age of the individual.,The sovereign nation in which the individual maintains their primary residence.,0
Age,prospect_Pho,The age of the individual.,The designated telephone number through which the individual can be reached.,0
Age,prospect_Inc,The age of the individual.,The total financial remuneration received by the individual typically on an annual basis.,0
Age,prospect_NumC,The age of the individual.,The quantity of automobiles owned by the individual.,0
Age,prospect_NuChil,The age of the individual.,The total number of biological or adopted children associated with the individual.,0
Age,prospect_MariSt,The age of the individual.,The current legal or social relationship status of the individual,0
Age,prospect_Ag,The age of the individual.,The chronological age of the individual measured in years.,1
Age,prospect_CreRat,The age of the individual.,A numerical representation of the individual's creditworthiness indicating their ability to manage financial obligations.,0
Age,prospect_OwORFl,The age of the individual.,A binary indicator specifying whether the individual owns or rents their primary residence.,0
Age,prospect_Empl,The age of the individual.,The organizational entity by which the individual is employed.,0
Age,prospect_NuCrCar,The age of the individual.,The total count of credit cards associated with the individual.,0
Age,prospect_NeWor,The age of the individual.,The financial value representing the individual's net worth calculated by subtracting liabilities from total assets.,0
CreditRating,prospect_AgeID,The credit rating of the individual.,A distinct identification code assigned to each record within the dataset facilitating unique reference and differentiation,0
CreditRating,prospect_LN,The credit rating of the individual.,The family name associated with an individual typically indicating generational lineage.,0
CreditRating,prospect_FirNa,The credit rating of the individual.,The initial forename assigned to an individual at birth or registration.,0
CreditRating,prospect_MiIn,The credit rating of the individual.,The single-letter abbreviation representing the middle name or initial of an individual.,0
CreditRating,prospect_Ge,The credit rating of the individual.,Denotes the biological or societal classification of an individual as male female or another gender category.,0
CreditRating,prospect_AddrL1,The credit rating of the individual.,The principal residence or mailing address of an individual serving as the primary contact location.,0
CreditRating,prospect_AddrL2,The credit rating of the individual.,Additional details regarding the residence such as apartment number or suite if applicable.,0
CreditRating,prospect_PosCo,The credit rating of the individual.,A series of letters numbers or both appended to a postal address to assist in sorting and delivering mail.,0
CreditRating,prospect_C,The credit rating of the individual.,The urban or town area in which the individual resides.,0
CreditRating,prospect_Sta,The credit rating of the individual.,The administrative region or territory within a country where the individual's residence is situated.,0
CreditRating,prospect_Cou,The credit rating of the individual.,The sovereign nation in which the individual maintains their primary residence.,0
CreditRating,prospect_Pho,The credit rating of the individual.,The designated telephone number through which the individual can be reached.,0
CreditRating,prospect_Inc,The credit rating of the individual.,The total financial remuneration received by the individual typically on an annual basis.,0
CreditRating,prospect_NumC,The credit rating of the individual.,The quantity of automobiles owned by the individual.,0
CreditRating,prospect_NuChil,The credit rating of the individual.,The total number of biological or adopted children associated with the individual.,0
CreditRating,prospect_MariSt,The credit rating of the individual.,The current legal or social relationship status of the individual,0
CreditRating,prospect_Ag,The credit rating of the individual.,The chronological age of the individual measured in years.,0
CreditRating,prospect_CreRat,The credit rating of the individual.,A numerical representation of the individual's creditworthiness indicating their ability to manage financial obligations.,1
CreditRating,prospect_OwORFl,The credit rating of the individual.,A binary indicator specifying whether the individual owns or rents their primary residence.,0
CreditRating,prospect_Empl,The credit rating of the individual.,The organizational entity by which the individual is employed.,0
CreditRating,prospect_NuCrCar,The credit rating of the individual.,The total count of credit cards associated with the individual.,0
CreditRating,prospect_NeWor,The credit rating of the individual.,The financial value representing the individual's net worth calculated by subtracting liabilities from total assets.,0
OwnOrRentFlag,prospect_AgeID,Indicates whether the individual owns or rents their residence,A distinct identification code assigned to each record within the dataset facilitating unique reference and differentiation,0
OwnOrRentFlag,prospect_LN,Indicates whether the individual owns or rents their residence,The family name associated with an individual typically indicating generational lineage.,0
OwnOrRentFlag,prospect_FirNa,Indicates whether the individual owns or rents their residence,The initial forename assigned to an individual at birth or registration.,0
OwnOrRentFlag,prospect_MiIn,Indicates whether the individual owns or rents their residence,The single-letter abbreviation representing the middle name or initial of an individual.,0
OwnOrRentFlag,prospect_Ge,Indicates whether the individual owns or rents their residence,Denotes the biological or societal classification of an individual as male female or another gender category.,0
OwnOrRentFlag,prospect_AddrL1,Indicates whether the individual owns or rents their residence,The principal residence or mailing address of an individual serving as the primary contact location.,0
OwnOrRentFlag,prospect_AddrL2,Indicates whether the individual owns or rents their residence,Additional details regarding the residence such as apartment number or suite if applicable.,0
OwnOrRentFlag,prospect_PosCo,Indicates whether the individual owns or rents their residence,A series of letters numbers or both appended to a postal address to assist in sorting and delivering mail.,0
OwnOrRentFlag,prospect_C,Indicates whether the individual owns or rents their residence,The urban or town area in which the individual resides.,0
OwnOrRentFlag,prospect_Sta,Indicates whether the individual owns or rents their residence,The administrative region or territory within a country where the individual's residence is situated.,0
OwnOrRentFlag,prospect_Cou,Indicates whether the individual owns or rents their residence,The sovereign nation in which the individual maintains their primary residence.,0
OwnOrRentFlag,prospect_Pho,Indicates whether the individual owns or rents their residence,The designated telephone number through which the individual can be reached.,0
OwnOrRentFlag,prospect_Inc,Indicates whether the individual owns or rents their residence,The total financial remuneration received by the individual typically on an annual basis.,0
OwnOrRentFlag,prospect_NumC,Indicates whether the individual owns or rents their residence,The quantity of automobiles owned by the individual.,0
OwnOrRentFlag,prospect_NuChil,Indicates whether the individual owns or rents their residence,The total number of biological or adopted children associated with the individual.,0
OwnOrRentFlag,prospect_MariSt,Indicates whether the individual owns or rents their residence,The current legal or social relationship status of the individual,0
OwnOrRentFlag,prospect_Ag,Indicates whether the individual owns or rents their residence,The chronological age of the individual measured in years.,0
OwnOrRentFlag,prospect_CreRat,Indicates whether the individual owns or rents their residence,A numerical representation of the individual's creditworthiness indicating their ability to manage financial obligations.,0
OwnOrRentFlag,prospect_OwORFl,Indicates whether the individual owns or rents their residence,A binary indicator specifying whether the individual owns or rents their primary residence.,1
OwnOrRentFlag,prospect_Empl,Indicates whether the individual owns or rents their residence,The organizational entity by which the individual is employed.,0
OwnOrRentFlag,prospect_NuCrCar,Indicates whether the individual owns or rents their residence,The total count of credit cards associated with the individual.,0
OwnOrRentFlag,prospect_NeWor,Indicates whether the individual owns or rents their residence,The financial value representing the individual's net worth calculated by subtracting liabilities from total assets.,0
Employer,prospect_AgeID,The name of the employer of the individual.,A distinct identification code assigned to each record within the dataset facilitating unique reference and differentiation,0
Employer,prospect_LN,The name of the employer of the individual.,The family name associated with an individual typically indicating generational lineage.,0
Employer,prospect_FirNa,The name of the employer of the individual.,The initial forename assigned to an individual at birth or registration.,0
Employer,prospect_MiIn,The name of the employer of the individual.,The single-letter abbreviation representing the middle name or initial of an individual.,0
Employer,prospect_Ge,The name of the employer of the individual.,Denotes the biological or societal classification of an individual as male female or another gender category.,0
Employer,prospect_AddrL1,The name of the employer of the individual.,The principal residence or mailing address of an individual serving as the primary contact location.,0
Employer,prospect_AddrL2,The name of the employer of the individual.,Additional details regarding the residence such as apartment number or suite if applicable.,0
Employer,prospect_PosCo,The name of the employer of the individual.,A series of letters numbers or both appended to a postal address to assist in sorting and delivering mail.,0
Employer,prospect_C,The name of the employer of the individual.,The urban or town area in which the individual resides.,0
Employer,prospect_Sta,The name of the employer of the individual.,The administrative region or territory within a country where the individual's residence is situated.,0
Employer,prospect_Cou,The name of the employer of the individual.,The sovereign nation in which the individual maintains their primary residence.,0
Employer,prospect_Pho,The name of the employer of the individual.,The designated telephone number through which the individual can be reached.,0
Employer,prospect_Inc,The name of the employer of the individual.,The total financial remuneration received by the individual typically on an annual basis.,0
Employer,prospect_NumC,The name of the employer of the individual.,The quantity of automobiles owned by the individual.,0
Employer,prospect_NuChil,The name of the employer of the individual.,The total number of biological or adopted children associated with the individual.,0
Employer,prospect_MariSt,The name of the employer of the individual.,The current legal or social relationship status of the individual,0
Employer,prospect_Ag,The name of the employer of the individual.,The chronological age of the individual measured in years.,0
Employer,prospect_CreRat,The name of the employer of the individual.,A numerical representation of the individual's creditworthiness indicating their ability to manage financial obligations.,0
Employer,prospect_OwORFl,The name of the employer of the individual.,A binary indicator specifying whether the individual owns or rents their primary residence.,0
Employer,prospect_Empl,The name of the employer of the individual.,The organizational entity by which the individual is employed.,1
Employer,prospect_NuCrCar,The name of the employer of the individual.,The total count of credit cards associated with the individual.,0
Employer,prospect_NeWor,The name of the employer of the individual.,The financial value representing the individual's net worth calculated by subtracting liabilities from total assets.,0
NumberCreditCards,prospect_AgeID,The number of credit cards held by the individual.,A distinct identification code assigned to each record within the dataset facilitating unique reference and differentiation,0
NumberCreditCards,prospect_LN,The number of credit cards held by the individual.,The family name associated with an individual typically indicating generational lineage.,0
NumberCreditCards,prospect_FirNa,The number of credit cards held by the individual.,The initial forename assigned to an individual at birth or registration.,0
NumberCreditCards,prospect_MiIn,The number of credit cards held by the individual.,The single-letter abbreviation representing the middle name or initial of an individual.,0
NumberCreditCards,prospect_Ge,The number of credit cards held by the individual.,Denotes the biological or societal classification of an individual as male female or another gender category.,0
NumberCreditCards,prospect_AddrL1,The number of credit cards held by the individual.,The principal residence or mailing address of an individual serving as the primary contact location.,0
NumberCreditCards,prospect_AddrL2,The number of credit cards held by the individual.,Additional details regarding the residence such as apartment number or suite if applicable.,0
NumberCreditCards,prospect_PosCo,The number of credit cards held by the individual.,A series of letters numbers or both appended to a postal address to assist in sorting and delivering mail.,0
NumberCreditCards,prospect_C,The number of credit cards held by the individual.,The urban or town area in which the individual resides.,0
NumberCreditCards,prospect_Sta,The number of credit cards held by the individual.,The administrative region or territory within a country where the individual's residence is situated.,0
NumberCreditCards,prospect_Cou,The number of credit cards held by the individual.,The sovereign nation in which the individual maintains their primary residence.,0
NumberCreditCards,prospect_Pho,The number of credit cards held by the individual.,The designated telephone number through which the individual can be reached.,0
NumberCreditCards,prospect_Inc,The number of credit cards held by the individual.,The total financial remuneration received by the individual typically on an annual basis.,0
NumberCreditCards,prospect_NumC,The number of credit cards held by the individual.,The quantity of automobiles owned by the individual.,0
NumberCreditCards,prospect_NuChil,The number of credit cards held by the individual.,The total number of biological or adopted children associated with the individual.,0
NumberCreditCards,prospect_MariSt,The number of credit cards held by the individual.,The current legal or social relationship status of the individual,0
NumberCreditCards,prospect_Ag,The number of credit cards held by the individual.,The chronological age of the individual measured in years.,0
NumberCreditCards,prospect_CreRat,The number of credit cards held by the individual.,A numerical representation of the individual's creditworthiness indicating their ability to manage financial obligations.,0
NumberCreditCards,prospect_OwORFl,The number of credit cards held by the individual.,A binary indicator specifying whether the individual owns or rents their primary residence.,0
NumberCreditCards,prospect_Empl,The number of credit cards held by the individual.,The organizational entity by which the individual is employed.,0
NumberCreditCards,prospect_NuCrCar,The number of credit cards held by the individual.,The total count of credit cards associated with the individual.,1
NumberCreditCards,prospect_NeWor,The number of credit cards held by the individual.,The financial value representing the individual's net worth calculated by subtracting liabilities from total assets.,0
NetWorth,prospect_AgeID,The net worth of the individual indicating their total assets minus liabilities.,A distinct identification code assigned to each record within the dataset facilitating unique reference and differentiation,0
NetWorth,prospect_LN,The net worth of the individual indicating their total assets minus liabilities.,The family name associated with an individual typically indicating generational lineage.,0
NetWorth,prospect_FirNa,The net worth of the individual indicating their total assets minus liabilities.,The initial forename assigned to an individual at birth or registration.,0
NetWorth,prospect_MiIn,The net worth of the individual indicating their total assets minus liabilities.,The single-letter abbreviation representing the middle name or initial of an individual.,0
NetWorth,prospect_Ge,The net worth of the individual indicating their total assets minus liabilities.,Denotes the biological or societal classification of an individual as male female or another gender category.,0
NetWorth,prospect_AddrL1,The net worth of the individual indicating their total assets minus liabilities.,The principal residence or mailing address of an individual serving as the primary contact location.,0
NetWorth,prospect_AddrL2,The net worth of the individual indicating their total assets minus liabilities.,Additional details regarding the residence such as apartment number or suite if applicable.,0
NetWorth,prospect_PosCo,The net worth of the individual indicating their total assets minus liabilities.,A series of letters numbers or both appended to a postal address to assist in sorting and delivering mail.,0
NetWorth,prospect_C,The net worth of the individual indicating their total assets minus liabilities.,The urban or town area in which the individual resides.,0
NetWorth,prospect_Sta,The net worth of the individual indicating their total assets minus liabilities.,The administrative region or territory within a country where the individual's residence is situated.,0
NetWorth,prospect_Cou,The net worth of the individual indicating their total assets minus liabilities.,The sovereign nation in which the individual maintains their primary residence.,0
NetWorth,prospect_Pho,The net worth of the individual indicating their total assets minus liabilities.,The designated telephone number through which the individual can be reached.,0
NetWorth,prospect_Inc,The net worth of the individual indicating their total assets minus liabilities.,The total financial remuneration received by the individual typically on an annual basis.,0
NetWorth,prospect_NumC,The net worth of the individual indicating their total assets minus liabilities.,The quantity of automobiles owned by the individual.,0
NetWorth,prospect_NuChil,The net worth of the individual indicating their total assets minus liabilities.,The total number of biological or adopted children associated with the individual.,0
NetWorth,prospect_MariSt,The net worth of the individual indicating their total assets minus liabilities.,The current legal or social relationship status of the individual,0
NetWorth,prospect_Ag,The net worth of the individual indicating their total assets minus liabilities.,The chronological age of the individual measured in years.,0
NetWorth,prospect_CreRat,The net worth of the individual indicating their total assets minus liabilities.,A numerical representation of the individual's creditworthiness indicating their ability to manage financial obligations.,0
NetWorth,prospect_OwORFl,The net worth of the individual indicating their total assets minus liabilities.,A binary indicator specifying whether the individual owns or rents their primary residence.,0
NetWorth,prospect_Empl,The net worth of the individual indicating their total assets minus liabilities.,The organizational entity by which the individual is employed.,0
NetWorth,prospect_NuCrCar,The net worth of the individual indicating their total assets minus liabilities.,The total count of credit cards associated with the individual.,0
NetWorth,prospect_NeWor,The net worth of the individual indicating their total assets minus liabilities.,The financial value representing the individual's net worth calculated by subtracting liabilities from total assets.,1
